"","PlotID","Experiment","Year","Field.","Rotation","Rep","N.Old","Nitro","Pedigree","HYB","Source","Plot.","Range","Row","Root.","PlotiD","FDT_Mean","FDT_SD","FDS_Mean","FDS_SD","LA_Mean","LA_SD","RTA_Mean","RTA_SD","SD_Mean","SD_SD","LDA_Mean","LDA_SD","RTW_Mean","RTW_SD"
"1",10701,"2023_Rotational Plots",2023,107,"4Year","1","N3","N3","PH6878","CHECK5","Prairie Hyb",3181,"1","3",1,10701,1.51228435,0.00721549442111732,1.444464791875,0.00883845166989321,49.25572293625,4.64170842396308,55.10336373625,5.54338361305736,79.75,5.17549169506766,-0.7566365205,3.5301693404729,118,12.8285396117964
"2",10702,"2023_Rotational Plots",2023,107,"4Year","1","N3","N3","PH5141","CHECK7","Prairie Hyb",3182,"1","7",1,10702,1.51053346533333,0.034765919920337,1.46433619116667,0.0319852296875071,45.5176515808333,11.2584378189809,53.8357310516667,12.4225047739018,102,9.63893619177401,-0.827221458916667,2.9095127425001,209,34.54641147
"3",10703,"2023_Rotational Plots",2023,107,"4Year","1","N3","N3","B73xPH207","NREC04","2021MOB:1572-77",3183,"1","11",1,10703,1.48088930033333,0.0182033721938838,1.42446979575,0.0178594737350555,58.718838125,6.79629771530871,60.1505042566667,6.51339133323858,113.75,36.4021103284361,-0.60053797525,2.54375403060436,188.666666666667,65.484673201005
"4",10704,"2023_Rotational Plots",2023,107,"4Year","1","N3","N3","B73xPHG47","NREC02","2021MOB:1556-61",3184,"1","15",1,10704,1.49932246833333,0.0244056365242373,1.45832277275,0.0371285481501738,51.4681449958333,6.3784180754743,52.6753283233333,10.8927635025637,97.3333333333333,7.6435752383451,-0.7686033525,1.90453527249079,193.333333333333,30.5385995193961
"5",10705,"2023_Rotational Plots",2023,107,"4Year","1","N3","N3","Z031E0021xPHG47","NREC06","2021MOB:1588-93",3185,"1","19",1,10705,1.47070432166667,0.0151920741639336,1.43579031791667,0.0193411336403168,51.7629014266667,7.16642648962878,53.3225384125,8.52152191446998,89.0833333333333,6.70763924510138,-0.516319463916667,3.11505557522837,153.666666666667,30.6337108823636
"6",10706,"2023_Rotational Plots",2023,107,"4Year","1","N3","N3","Z031E0047xPH207","NREC12","2021MOB:1636-41",3190,"2","3",1,10706,1.47736494766667,0.0134365766912549,1.40768325125,0.0430046025026781,60.2410850625,7.1470419244737,61.2824162925,7.2598340065331,83.3333333333333,11.5391297397817,-0.266514254333333,1.41461848361518,124.333333333333,33.7513187172222
"7",10707,"2023_Rotational Plots",2023,107,"4Year","1","N3","N3","Z031E0021xPH207","NREC08","2021MOB:1604-09",3189,"2","7",1,10707,1.46927815833333,0.0151748315065583,1.4284539195,0.0336195492655146,54.6060141083333,11.1533608052026,53.3379220425,11.1393065988176,98.5833333333333,13.1388274925424,-0.24836682625,3.87137117742579,178,33.2374378183288
"8",10708,"2023_Rotational Plots",2023,107,"4Year","1","N3","N3","PHHB9*PHZ51","UIUC4","2021WN_Tuniche_Chile",3188,"2","11",1,10708,1.51595965433333,0.0475436797541629,1.49059855133333,0.022053027622462,42.6481085416667,12.0457234670108,41.1411804466667,11.0568616552693,110.166666666667,6.4643544757291,-0.703193668083333,3.98056679346048,191.333333333333,42.5576258166679
"9",10709,"2023_Rotational Plots",2023,107,"4Year","1","N3","N3","Z031E0021xPHZ51","NREC07","2021MOB:1596",3187,"2","15",1,10709,1.46141845766667,0.0123670192468921,1.44083637075,0.0246943112888862,47.4336157666667,12.6745697103558,45.7628685283333,11.2244939756154,126.583333333333,32.0183422810152,-0.760104556416667,3.60539697787035,314.333333333333,43.9531430944226
"10",10710,"2023_Rotational Plots",2023,107,"4Year","1","N3","N3","Z031E0047xPHZ51","NREC11","2021MOB:1628-33",3186,"2","19",1,10710,1.48189036233333,0.0423637420160589,1.45561900441667,0.020508496032685,48.2162669216667,9.29970415563367,52.157697595,10.9925367903247,92.25,5.41252755609194,-0.1916450295,3.15459097725479,201,59.6962005795709
"11",10711,"2023_Rotational Plots",2023,107,"4Year","1","N3","N3","Z031E0047xPHG47","NREC10","2021MOB:1620-25",3191,"3","3",1,10711,1.51348451966667,0.0158656140583353,1.44998233408333,0.0227793570958769,57.5303678941667,10.1980129318258,58.9510354833333,6.29064107722684,110.666666666667,11.9949484316852,-0.604159668583333,1.55617092400808,119.666666666667,14.6804343094866
"12",10712,"2023_Rotational Plots",2023,107,"4Year","1","N3","N3","B73xPHZ51","NREC03","2021MOB:1564-69",3192,"3","7",1,10712,1.48097624033333,0.0119702145105826,1.4416888245,0.0285761517419225,51.1838663166667,9.31911592881672,55.0760745908333,12.2614113088512,93.0833333333333,11.9427294986861,-0.435855967833333,2.43998885240398,173.333333333333,98.0401896564811
"13",10713,"2023_Rotational Plots",2023,107,"4Year","1","N3","N3","Z031E0047xMo17","NREC09","2021MOB:1612-17",3193,"3","11",1,10713,1.50659194466667,0.00639957419288142,1.45939068466667,0.0220305865028342,53.54964326,10.1459356761298,53.1271896808333,7.32728382257043,114.666666666667,18.7487373312218,-0.570076855,3.01764913361802,178.666666666667,12.8298893450435
"14",10714,"2023_Rotational Plots",2023,107,"4Year","1","N3","N3","B73XMo17","NREC01","2021MOB:1548-53",3194,"3","15",1,10714,1.45728371033333,0.0263590824200286,1.437139111,0.0286320567415805,52.7212462325,8.09470097657195,53.0522322625,5.63459949886257,101.416666666667,9.69965635130098,-0.451446730583333,4.53420707108609,199.333333333333,44.1182982720803
"15",10715,"2023_Rotational Plots",2023,107,"4Year","1","N3","N3","BR64K93","CHECK4","Blue River Hybrid",3195,"3","19",1,10715,1.47192333633333,0.0316660714061776,1.43479860591667,0.0339419609839448,51.7622491683333,10.1787067612928,53.9727908266667,10.0233090076127,130.416666666667,28.6783362435301,-0.223804403416667,2.66369049152268,167.333333333333,25.3890933395831
"16",10801,"2023_Rotational Plots",2023,108,"4Year","1","N1","N1","Z031E0047xPHG47","NREC10","2021MOB:1620-25",3200,"4","3",1,10801,1.496340723,0.0154486488407971,1.45128385308333,0.0194839808899908,61.0466350358333,11.2043008838146,62.1217126483333,12.0708236153251,84.5,7.09032631637834,-0.495795910333333,1.41750658879918,85,7.67522578880198
"17",10802,"2023_Rotational Plots",2023,108,"4Year","1","N1","N1","B73xPHG47","NREC02","2021MOB:1556-61",3199,"4","7",1,10802,1.50003520566667,0.0375265842652348,1.47467540591667,0.0188004744589008,67.674940335,8.29262082987167,69.24906873,6.91058738638828,80.5833333333333,4.99924236684162,-0.704583437416667,3.69500001080948,80,19.277872383548
"18",10803,"2023_Rotational Plots",2023,108,"4Year","1","N1","N1","PHHB9*PHZ51","UIUC4","2021WN_Tuniche_Chile",3198,"4","11",1,10803,1.56414451666667,0.0351369076885014,1.51625889941667,0.0275521686887544,45.6078726558333,8.99767984771923,41.2461324366667,12.2380502650739,131.666666666667,20.4820690242747,-0.086602202,6.03017409043381,199,26.7105699200625
"19",10804,"2023_Rotational Plots",2023,108,"4Year","1","N1","N1","Z031E0021xPHG47","NREC06","2021MOB:1588-93",3197,"4","15",1,10804,1.44678599566667,0.0261231458304335,1.43025128266667,0.0186342008251444,54.9538611608333,14.0650175923536,60.7131987491667,13.3851751328037,101.5,8.64975039051312,-0.318109353083333,3.36085757806213,123.666666666667,47.2696968725656
"20",10805,"2023_Rotational Plots",2023,108,"4Year","1","N1","N1","BR64K93","CHECK4","Blue River Hybrid",3196,"4","19",1,10805,1.45851752166667,0.0208452055227428,1.42839864675,0.0202539190164119,61.6258166341667,6.98020483665958,65.9891885783333,6.39690711349493,87,9.78867620356204,-0.759222578583333,2.6271972575905,114,5.96962005795709
"21",10806,"2023_Rotational Plots",2023,108,"4Year","1","N1","N1","B73xPHZ51","NREC03","2021MOB:1564-69",3201,"5","3",1,10806,1.51058677766667,0.0108044927407106,1.4551602455,0.0175947439492356,55.9858346291667,9.97833170649963,56.7780598575,10.5900125666541,81.6666666666667,3.74974746624437,-0.259437835083333,1.69295487809296,98.6666666666667,16.2107334438599
"22",10807,"2023_Rotational Plots",2023,108,"4Year","1","N1","N1","B73XMo17","NREC01","2021MOB:1548-53",3202,"5","7",1,10807,1.08816411666667,0.579368435629631,1.00329163333333,0.660583384034218,36.3208443858333,27.3351200286168,37.114788475,28.2974484474193,69.25,52.6016332273231,-0.392533951083333,2.02824810881941,95,23.0256773664059
"23",10808,"2023_Rotational Plots",2023,108,"4Year","1","N1","N1","B73xPH207","NREC04","2021MOB:1572-77",3203,"5","11",1,10808,1.49494949866667,0.0161743388337106,1.45737372308333,0.0271065148876757,66.3644300475,6.61884591731247,65.8944598525,7.944535403468,92.5,13.5546033777191,-0.4407574425,3.08667946603907,105.333333333333,16.7621507262552
"24",10809,"2023_Rotational Plots",2023,108,"4Year","1","N1","N1","Z031E0047xPHZ51","NREC11","2021MOB:1628-33",3204,"5","15",1,10809,1.46307458866667,0.0232309905701087,1.4447540665,0.0239326986915215,56.9384104233333,7.53922684060738,54.2203009391667,12.164927692877,82.4166666666667,3.9648073054938,-0.454487221166667,2.54967476503253,97,18.4489467548594
"25",10810,"2023_Rotational Plots",2023,108,"4Year","1","N1","N1","PH5141","CHECK7","Prairie Hyb",3205,"5","19",1,10810,1.49019487433333,0.00705454926122322,1.47991173808333,0.0339463229574264,56.2455100141667,11.1773736724193,55.6009223875,9.78581621936907,110.833333333333,9.54256810615497,-0.617023736583333,2.25285991910139,152.666666666667,18.8647498758607
"26",10811,"2023_Rotational Plots",2023,108,"4Year","1","N1","N1","Z031E0047xPH207","NREC12","2021MOB:1636-41",3210,"6","3",1,10811,1.46284424866667,0.012914048600114,1.42396496125,0.0177485995851957,61.3931365216667,10.1638983694604,61.46609589,9.74944461140258,87.25,23.3787976983031,-0.48937491175,2.30185381120072,71,14.8691260365534
"27",10812,"2023_Rotational Plots",2023,108,"4Year","1","N1","N1","PH6878","CHECK5","Prairie Hyb",3209,"6","7",1,10812,1.51112822266667,0.0189540778891452,1.46273067083333,0.0274080120638316,50.4306468941667,8.7330479998497,51.4106413358333,9.59028069107709,71.9166666666667,5.66421515598881,-0.615083102833333,2.37077488289696,71.6666666666667,14.0216283150731
"28",10813,"2023_Rotational Plots",2023,108,"4Year","1","N1","N1","Z031E0047xMo17","NREC09","2021MOB:1612-17",3208,"6","11",1,10813,1.48568267766667,0.0301988964399932,1.44383178916667,0.0234961213451056,58.6100738541667,6.70522291543447,59.8722796325,6.07590217527783,105.583333333333,12.77396737213,-0.703391771166667,3.36397869190001,106.666666666667,28.3912064918102
"29",10814,"2023_Rotational Plots",2023,108,"4Year","1","N1","N1","Z031E0021xPHZ51","NREC07","2021MOB:1596",3207,"6","15",1,10814,1.477083479,0.029538368632761,1.4386399475,0.0194085451766346,50.9679559375,8.73660309416432,51.9537193133333,11.6222132397966,106.75,16.7447413726329,-0.490361355833333,2.62029259500506,113.666666666667,9.9939375562782
"30",10815,"2023_Rotational Plots",2023,108,"4Year","1","N1","N1","Z031E0021xPH207","NREC08","2021MOB:1604-09",3206,"6","19",1,10815,1.51250060833333,0.0316958613692665,1.45451770066667,0.0279393988403648,59.8271984675,11.7841743327604,58.8568317916667,9.24467977654849,92.0833333333333,4.62126179804397,-0.521891657333333,2.47883847137899,110.333333333333,21.9972450065636
"31",10901,"2023_Rotational Plots",2023,109,"4Year","1","N2","N2","PH6878","CHECK5","Prairie Hyb",3211,"7","3",1,10901,1.51898287866667,0.00804381361436258,1.461958926,0.0196259178797208,57.0990421291667,7.560493277761,58.331024245,4.63424866855934,76.1666666666667,2.40580106988894,-0.612513336666667,1.87645463948905,89.6666666666667,2.46182981958665
"32",10902,"2023_Rotational Plots",2023,109,"4Year","1","N2","N2","Z031E0047xPHG47","NREC10","2021MOB:1620-25",3212,"7","7",1,10902,1.47319638133333,0.00594296177145222,1.40772409641667,0.0236302458553017,63.1839176641667,6.8961266756401,61.7934887983333,6.71040185619429,92,9.03528436942433,-0.228984704583333,0.996999579347717,105,8.13522084407167
"33",10903,"2023_Rotational Plots",2023,109,"4Year","1","N2","N2","B73xPHG47","NREC02","2021MOB:1556-61",3213,"7","11",1,10903,1.51091638466667,0.0185076328716526,1.43523518508333,0.0222895557757304,67.58231996,5.535594068951,66.0492110225,5.51308549281448,81.3333333333333,4.55937263095251,-0.251705744916667,4.10824655168649,93.3333333333333,20.7554301036591
"34",10904,"2023_Rotational Plots",2023,109,"4Year","1","N2","N2","Z031E0021xPHZ51","NREC07","2021MOB:1596",3214,"7","15",1,10904,1.527754842,0.0236266080577792,1.44779488383333,0.0328709020442651,58.7324950908333,6.10448868401887,58.1299071108333,12.0255219260866,89.6666666666667,6.97180468788825,-0.504361037083333,3.03634601427648,137.666666666667,32.3203660345309
"35",10905,"2023_Rotational Plots",2023,109,"4Year","1","N2","N2","Z031E0047xMo17","NREC09","2021MOB:1612-17",3215,"7","19",1,10905,1.47416276433333,0.0284175906650917,1.425312828,0.0158724562023411,59.9508231125,6.18738734152834,58.8775808333333,11.0711377291161,96.75,9.44962721727448,-0.400679278916667,4.1978625350131,93.6666666666667,3.22865953984659
"36",10906,"2023_Rotational Plots",2023,109,"4Year","1","N2","N2","PHHB9*PHZ51","UIUC4","2021WN_Tuniche_Chile",3220,"8","3",1,10906,1.243241557,0.375075713792572,1.00348062575,0.66080651667677,36.5137374325,27.7363120464317,38.2778752858333,28.7178268206842,62.25,46.3330335721718,-0.281453636166667,1.67646307155952,113.333333333333,24.8535102087606
"37",10907,"2023_Rotational Plots",2023,109,"4Year","1","N2","N2","Z031E0021xPHG47","NREC06","2021MOB:1588-93",3219,"8","7",1,10907,1.49777634733333,0.0172734976786449,1.42678092575,0.0309223948978367,58.8057071591667,9.29117049244492,59.3285415475,5.7973198069223,110.666666666667,25.8398330044327,-0.0947455325,2.17139308626874,174,36.211499931275
"38",10908,"2023_Rotational Plots",2023,109,"4Year","1","N2","N2","B73xPH207","NREC04","2021MOB:1572-77",3218,"8","11",1,10908,1.49724717666667,0.00340231906458146,1.43673503341667,0.0289153842542273,60.9346097316667,5.54402555965932,58.7909326525,7.61984710651903,82.5,6.14225306603959,-0.416360172916667,1.89694259210133,132.666666666667,21.9475959890137
"39",10909,"2023_Rotational Plots",2023,109,"4Year","1","N2","N2","B73XMo17","NREC01","2021MOB:1548-53",3217,"8","15",1,10909,1.46702844566667,0.0215528373339439,1.43201106191667,0.0403164767639407,55.7455204608333,10.8018641980375,56.8779155533333,9.75479964692292,84.8333333333333,5.0602431370499,-0.697465610166667,2.76043400390984,109.666666666667,13.3847493495962
"40",10910,"2023_Rotational Plots",2023,109,"4Year","1","N2","N2","B73xPHZ51","NREC03","2021MOB:1564-69",3216,"8","19",1,10910,1.525390137,0.010994206878328,1.48930718666667,0.0146975218624164,48.4065878533333,12.3699302146308,48.8006115666667,10.1683985304527,95.8333333333333,7.01729465267237,-0.535819776916667,2.00009133081034,191.333333333333,4.69687194424183
"41",10911,"2023_Rotational Plots",2023,109,"4Year","1","N2","N2","Z031E0047xPH207","NREC12","2021MOB:1636-41",3221,"9","3",1,10911,1.47037802433333,0.0343949500093797,1.42864031083333,0.0304233754677932,67.1326326891667,9.35373239006405,67.8443929275,8.12665160061278,71.1666666666667,2.79067711996189,-0.541472193833333,2.00136665447459,76.3333333333333,9.39374388848367
"42",10912,"2023_Rotational Plots",2023,109,"4Year","1","N2","N2","Z031E0047xPHZ51","NREC11","2021MOB:1628-33",3222,"9","7",1,10912,1.45336756066667,0.0178351933663668,1.44269215616667,0.0317212432538587,53.7399021341667,8.99817204293843,54.7712138325,10.2249157331749,98.25,20.3207238596911,-0.541182481833333,2.34931927348284,122.666666666667,27.7957921384885
"43",10913,"2023_Rotational Plots",2023,109,"4Year","1","N2","N2","PH5141","CHECK7","Prairie Hyb",3223,"9","11",1,10913,1.49355299133333,0.0359847061013598,1.43662534583333,0.0413182373420968,62.6747808933333,7.50918878481867,59.4063786516667,11.5054382029414,95.9166666666667,9.50079741469902,-0.330813782166667,2.44721214076693,144,26.5877620515359
"44",10914,"2023_Rotational Plots",2023,109,"4Year","1","N2","N2","Z031E0021xPH207","NREC08","2021MOB:1604-09",3224,"9","15",1,10914,1.507448071,0.0227635299905978,1.43854196258333,0.0303624948152198,61.3589695233333,10.0120411655348,62.2619961591667,9.29692417360806,82.1666666666667,4.10838020134309,-0.422589971166667,3.23886410849339,133,14.0906158327255
"45",10915,"2023_Rotational Plots",2023,109,"4Year","1","N2","N2","BR64K93","CHECK4","Blue River Hybrid",3225,"9","19",1,10915,1.42934419,0.0300326523241709,1.41883214283333,0.0373443277856375,59.2558672583333,8.6815435426234,58.7304150333333,7.03292482212611,91.75,5.70685393348926,-0.513559583083333,4.07886657648106,144,18.8197188656424
"46",11601,"2023_Rotational Plots",2023,116,"3Year","1","N1","N1","BR64K93","CHECK4","Blue River Hybrid",3001,"1","3",1,11601,1.55121838333333,0.0506676723335733,1.42859911441667,0.0645114901118821,52.2595986591667,7.99092402022129,55.0445527341667,8.7113711421175,97.25,8.20338067783366,-0.53941879475,1.37250912978622,223.666666666667,72.9499620952401
"47",11602,"2023_Rotational Plots",2023,116,"3Year","1","N1","N1","PHHB9*PHZ51","UIUC4","2021WN_Tuniche_Chile",3002,"1","7",1,11602,1.520901613,0.0731221518520101,1.47710672425,0.027635331315424,40.6992108533333,8.66592840566027,39.8261058016667,7.52571611273279,102.166666666667,5.0602431370499,-0.343438576333333,1.67637585487494,209.666666666667,24.7361837775916
"48",11603,"2023_Rotational Plots",2023,116,"3Year","1","N1","N1","Z031E0047xPH207","NREC12","2021MOB:1636-41",3003,"1","11",1,11603,1.513305321,0.00551017650777757,1.44645512066667,0.0293546039426595,64.3962644133333,8.65214990590213,67.6939606458333,6.23330788656437,78.3333333333333,4.94208887255606,-0.437552542083333,2.22207262684701,101.666666666667,15.8706895842237
"49",11604,"2023_Rotational Plots",2023,116,"3Year","1","N1","N1","PH5141","CHECK7","Prairie Hyb",3004,"1","15",1,11604,1.55430646233333,0.0316702285578764,1.47787892333333,0.0297429226846451,55.1383659491667,10.3030707110048,55.4640369333333,7.77757583890186,104.916666666667,7.63316130545867,-0.491476309916667,2.01177122369253,180.333333333333,40.4459984161448
"50",11605,"2023_Rotational Plots",2023,116,"3Year","1","N1","N1","Z031E0047xMo17","NREC09","2021MOB:1612-17",3005,"1","19",1,11605,1.47117823566667,0.0558895104078885,1.44283942266667,0.0141939332799116,53.4495667108333,9.34452626638172,56.1384135025,8.62972824080678,130.5,41.8536410928281,-0.6530873685,2.91542343042662,177,37.0846697069386
"51",11606,"2023_Rotational Plots",2023,116,"3Year","1","N1","N1","Z031E0047xPHG47","NREC10","2021MOB:1620-25",3010,"2","3",1,11606,1.526787481,0.026187119712219,1.40688534625,0.0263034824081314,59.0617491508333,9.64897053289779,59.4168646675,10.8976909873968,102.416666666667,12.5658869623881,-0.45837346975,2.34972680558155,163.333333333333,31.3610451279155
"52",11607,"2023_Rotational Plots",2023,116,"3Year","1","N1","N1","B73xPH207","NREC04","2021MOB:1572-77",3009,"2","7",1,11607,1.52206800966667,0.0334222807407626,1.39474910225,0.0362057499149136,59.7519148358333,9.21685671165383,62.2918635391667,7.10655629692969,103.666666666667,8.68994542647717,-0.673219588333333,3.24510793273511,213.666666666667,29.0621069540056
"53",11608,"2023_Rotational Plots",2023,116,"3Year","1","N1","N1","Z031E0047xPHZ51","NREC11","2021MOB:1628-33",3008,"2","11",1,11608,1.48059981766667,0.00188393783348394,1.41238708016667,0.0375684420086567,60.8964578208333,4.94193534400207,60.7932315791667,6.43540125708462,103.333333333333,5.08711980189064,-0.800504314833333,1.39447103148219,214.666666666667,34.1582768708827
"54",11609,"2023_Rotational Plots",2023,116,"3Year","1","N1","N1","Z031E0021xPHZ51","NREC07","2021MOB:1596",3007,"2","15",1,11609,1.55978845133333,0.0693462214827337,1.40033667483333,0.0600335308835449,49.4061929708333,11.9455216014668,49.4554047766667,9.06475638183691,113.5,10.0136270787726,-0.23119312875,1.98311196768194,277,115.802339433113
"55",11610,"2023_Rotational Plots",2023,116,"3Year","1","N1","N1","Z031E0021xMo17","NREC05","2021MOB:1580-85",3006,"2","19",1,11610,1.47329398,0.033712851772551,1.41618905916667,0.0231215273623449,56.72902567,8.54573522041861,57.639955115,5.06588199055698,96,8,-0.381917737416667,2.97081791586157,141.333333333333,21.8146461781709
"56",11611,"2023_Rotational Plots",2023,116,"3Year","1","N1","N1","B73xPHZ51","NREC03","2021MOB:1564-69",3011,"3","3",1,11611,1.49852662666667,0.0201939505451582,1.46116701358333,0.0239851287792315,57.6553903,9.56478691264178,61.5176922608333,6.27770909857961,109.75,21.6380346948272,-0.168666293416667,1.37993859626376,147.333333333333,14.4306072028319
"57",11612,"2023_Rotational Plots",2023,116,"3Year","1","N1","N1","Z031E0021xPH207","NREC08","2021MOB:1604-09",3012,"3","7",1,11612,1.42139930766667,0.0623367656232868,1.38236449875,0.046861395135417,54.2876375658333,11.4126618210223,58.5353012466667,10.2212744054626,94.75,5.24187683251645,-0.496642908416667,2.96142659165652,126.666666666667,21.9144341529145
"58",11613,"2023_Rotational Plots",2023,116,"3Year","1","N1","N1","B73XMo17","NREC01","2021MOB:1548-53",3013,"3","11",1,11613,1.48432073933333,0.03409079302929,1.40054228775,0.0228478517119309,53.2084675258333,7.50724329600822,54.7727842216667,7.96300831991336,121.833333333333,20.3641098429804,-0.47226805325,2.47414046581085,283,90.1392861580948
"59",11614,"2023_Rotational Plots",2023,116,"3Year","1","N1","N1","B73xPHG47","NREC02","2021MOB:1556-61",3014,"3","15",1,11614,1.46114935933333,0.0476833467403337,1.39702895533333,0.0417737213868496,60.3677068833333,5.07708057407807,62.2141695891667,6.02687977403135,89.5833333333333,6.80184912469775,-0.55967489,2.04924429795973,147.333333333333,44.5937894847036
"60",11615,"2023_Rotational Plots",2023,116,"3Year","1","N1","N1","Z031E0021xPHG47","NREC06","2021MOB:1588-93",3015,"3","19",1,11615,1.448153492,0.0277473028957459,1.40477668825,0.0370044876597996,58.5945351966667,6.87462680044433,59.4654938341667,5.36826027991608,112,15.0514269936593,-0.530075187,2.47819731501175,252.666666666667,61.2020993896204
"61",11701,"2023_Rotational Plots",2023,117,"3Year","1","N3","N3","Z031E0047xPHZ51","NREC11","2021MOB:1628-33",3020,"4","3",1,11701,1.50515626866667,0.0384330538059532,1.39183322091667,0.0421369005207411,50.09776256,6.63935138682679,52.4356457725,7.69616311883265,102.416666666667,5.99178730860126,-0.16219413275,2.26354436889155,274,98.5679276622795
"62",11702,"2023_Rotational Plots",2023,117,"3Year","1","N3","N3","PH5141","CHECK7","Prairie Hyb",3019,"4","7",1,11702,1.511493173,0.0816812316665735,1.44443575225,0.0381955179656427,53.0995047533333,8.06655501387767,52.7410458075,11.7996386954749,113,11.5993730238084,-0.444724784,2.47422525410991,280.333333333333,11.9493882181423
"63",11703,"2023_Rotational Plots",2023,117,"3Year","1","N3","N3","PHHB9*PHZ51","UIUC4","2021WN_Tuniche_Chile",3018,"4","11",1,11703,1.51964410066667,0.0345397320762051,1.44516597775,0.0404506768659378,44.4496846566667,9.47635951758918,47.5916142983333,9.69285230248872,108.75,14.5921834617653,-0.616788756083333,1.78922028905375,205.666666666667,68.5450526473227
"64",11704,"2023_Rotational Plots",2023,117,"3Year","1","N3","N3","B73xPHZ51","NREC03","2021MOB:1564-69",3017,"4","15",1,11704,1.47337601166667,0.0481418828933656,1.43118397916667,0.0254906273107744,51.6631192625,6.63655825380948,49.4238437766667,8.42676389863326,101.416666666667,6.45907864712119,-0.48940468125,2.87600037057632,215.666666666667,39.9302422034257
"65",11705,"2023_Rotational Plots",2023,117,"3Year","1","N3","N3","Z031E0021xPHG47","NREC06","2021MOB:1588-93",3016,"4","19",1,11705,1.46203810366667,0.0453597650230295,1.39704455325,0.0288450497995518,57.5204331241667,7.76014365523413,56.4723276666667,10.087236459305,113.083333333333,10.3437142382427,-0.605354939166667,1.99820922373427,259.666666666667,19.0756071431236
"66",11706,"2023_Rotational Plots",2023,117,"3Year","1","N3","N3","Z031E0047xMo17","NREC09","2021MOB:1612-17",3021,"5","3",1,11706,1.45179710433333,0.0238371955254595,1.43988767416667,0.0300807635729568,50.6094885916667,8.73964763045392,54.5998045808333,9.13535670813829,112.25,9.5071743244964,-0.4364937325,1.99513037904238,198.666666666667,11.4521401996096
"67",11707,"2023_Rotational Plots",2023,117,"3Year","1","N3","N3","BR64K93","CHECK4","Blue River Hybrid",3022,"5","7",1,11707,1.47614972633333,0.00666316832953898,1.42960317816667,0.0283401477485481,53.6137355616667,6.49165284587889,53.9414152158333,7.84497835745823,97.0833333333333,5.26494985443328,-0.343906915833333,1.63432539065352,177.666666666667,28.2113237526846
"68",11708,"2023_Rotational Plots",2023,117,"3Year","1","N3","N3","Z031E0021xPHZ51","NREC07","2021MOB:1596",3023,"5","11",1,11708,1.46961696766667,0.00842331525054593,1.43221068591667,0.0226898029887788,50.2656312591667,10.4284348747203,49.9924268641667,6.94423422712312,94.9166666666667,7.51311983778841,-0.558108384,3.65083415858044,231.666666666667,64.9493975524349
"69",11709,"2023_Rotational Plots",2023,117,"3Year","1","N3","N3","B73XMo17","NREC01","2021MOB:1548-53",3024,"5","15",1,11709,1.47046969233333,0.0242146451706575,1.432314084,0.0181076013107991,52.0473767958333,7.69470840465874,54.0734571325,7.42496972182526,103.333333333333,11.7111705286669,-0.567272769916667,1.88667177823899,150.333333333333,23.5770818355196
"70",11710,"2023_Rotational Plots",2023,117,"3Year","1","N3","N3","B73xPH207","NREC04","2021MOB:1572-77",3025,"5","19",1,11710,1.433928547,0.0425987269414195,1.3894120925,0.0302380652864916,58.5263328841667,10.2753879627972,61.6370139991667,10.2583643280123,111.5,22.781571499789,-0.78029355875,3.76485604974929,196.666666666667,30.4670711464431
"71",11711,"2023_Rotational Plots",2023,117,"3Year","1","N3","N3","Z031E0021xMo17","NREC05","2021MOB:1580-85",3030,"6","3",1,11711,1.45690609666667,0.0127179501918205,1.42251120066667,0.030549921532226,51.8981880316667,11.1628516507125,52.4884160016667,10.37954944525,114.166666666667,7.34640707895342,-0.693989728083333,3.8167482224893,219.333333333333,37.2347182401619
"72",11712,"2023_Rotational Plots",2023,117,"3Year","1","N3","N3","B73xPHG47","NREC02","2021MOB:1556-61",3029,"6","7",1,11712,1.49630099066667,0.0250888880099795,1.4150938875,0.038884537832897,57.2481928316667,10.1655595160069,57.4196358175,10.808884280606,100.416666666667,13.6745173312415,-0.412036794916667,2.09963815337078,219,42.7168265760376
"73",11713,"2023_Rotational Plots",2023,117,"3Year","1","N3","N3","Z031E0047xPHG47","NREC10","2021MOB:1620-25",3028,"6","11",1,11713,1.465196983,0.0374313343664595,1.40954213808333,0.0246218782590617,57.8363017491667,6.64479970237687,58.3111413158333,7.95457353128621,100.083333333333,10.7994809078394,-0.4671825535,4.793818093817,217.333333333333,21.4617347995464
"74",11714,"2023_Rotational Plots",2023,117,"3Year","1","N3","N3","Z031E0021xPH207","NREC08","2021MOB:1604-09",3027,"6","15",1,11714,1.49259414833333,0.0826603729212718,1.40590532816667,0.0214684671497827,54.4635073883333,10.8763682927044,56.6665247258333,9.03823664864403,104.416666666667,6.76163419372099,-0.959988651916667,3.05872033615857,295.666666666667,67.7231440677723
"75",11715,"2023_Rotational Plots",2023,117,"3Year","1","N3","N3","Z031E0047xPH207","NREC12","2021MOB:1636-41",3026,"6","19",1,11715,1.47458831366667,0.0371712840819211,1.43818201366667,0.0176221295913756,59.489749485,10.0808224597415,62.758302915,5.87993587205805,100.416666666667,14.8596973744624,-0.33132462375,3.00485878634059,150,34.9232925657986
"76",11801,"2023_Rotational Plots",2023,118,"3Year","1","N2","N2","Z031E0021xPH207","NREC08","2021MOB:1604-09",3031,"7","3",1,11801,1.51235242666667,0.0169335935788046,1.44775451725,0.03187495593677,60.766240015,9.63622784536491,63.5909965541667,9.49892341258958,79.1666666666667,4.91441910621338,-0.54676508675,1.8626192707602,114.666666666667,9.03863760181642
"77",11802,"2023_Rotational Plots",2023,118,"3Year","1","N2","N2","Z031E0021xPHG47","NREC06","2021MOB:1588-93",3032,"7","7",1,11802,1.42898575433333,0.0698892607657653,1.41722216158333,0.0491681839148987,57.0731523416667,8.66761894340988,52.9949444733333,7.68688033520164,118.083333333333,7.98246183640717,-0.393568409833333,3.1638696972158,255.666666666667,64.1267683907619
"78",11803,"2023_Rotational Plots",2023,118,"3Year","1","N2","N2","B73XMo17","NREC01","2021MOB:1548-53",3033,"7","11",1,11803,1.49256617666667,0.0728461624067402,1.42817595541667,0.0215592933933382,55.1094469108333,9.66680669051469,54.1473181566667,9.21175419091707,156.083333333333,22.3625430873444,-0.360014521833333,1.97782591743574,308.333333333333,7.92388028606432
"79",11804,"2023_Rotational Plots",2023,118,"3Year","1","N2","N2","B73xPH207","NREC04","2021MOB:1572-77",3034,"7","15",1,11804,1.47800911633333,0.0197812412993723,1.44261923966667,0.0221840522403898,54.8652589966667,10.9477456972389,52.66435727,11.1243106658132,89.9166666666667,7.15361743625157,-0.629201953916667,3.0673055858267,156,29.5911534691766
"80",11805,"2023_Rotational Plots",2023,118,"3Year","1","N2","N2","Z031E0021xMo17","NREC05","2021MOB:1580-85",3035,"7","19",1,11805,1.474136421,0.00860021693812752,1.43394952233333,0.0263415257206482,53.6404826125,9.69124287606991,55.3501055483333,8.3260813328219,125.666666666667,16.6314780042563,-0.281486996333333,3.04213016098566,223,37.5523876495466
"81",11806,"2023_Rotational Plots",2023,118,"3Year","1","N2","N2","Z031E0021xPHZ51","NREC07","2021MOB:1596",3040,"8","3",1,11806,1.45187811133333,0.0265312076748906,1.43169761283333,0.0258041966742984,52.3222766433333,9.43978492230834,52.6926758866667,7.11352349418318,93.3333333333333,6.00504838120444,-0.520578673416667,2.45298259246814,196,15.5153882557696
"82",11807,"2023_Rotational Plots",2023,118,"3Year","1","N2","N2","Z031E0047xPH207","NREC12","2021MOB:1636-41",3039,"8","7",1,11807,1.50819287266667,0.00805514890715215,1.45031873866667,0.031708192460928,52.7461807775,9.98363994993991,54.0593707491667,10.7165960434953,111.166666666667,22.0240914922865,-0.460497092833333,2.74563533143815,180,34.9024614917318
"83",11808,"2023_Rotational Plots",2023,118,"3Year","1","N2","N2","B73xPHG47","NREC02","2021MOB:1556-61",3038,"8","11",1,11808,1.537133467,0,1.4287392265,0.0328582119389053,58.6669819875,2.18903154518201,61.86913616,3.91487369586832,90,2.94392028877595,-0.447770153,1.96561440661428,186,0
"84",11809,"2023_Rotational Plots",2023,118,"3Year","1","N2","N2","Z031E0047xMo17","NREC09","2021MOB:1612-17",3037,"8","15",1,11809,1.242306501,0.363178607196772,0.98987695,0.650689042591163,31.9038106758333,24.7425720918268,33.704453335,26.2543723766302,74.0833333333333,55.3098024081106,-0.358285619083333,2.93403081362939,203.333333333333,25.5888233177667
"85",11810,"2023_Rotational Plots",2023,118,"3Year","1","N2","N2","B73xPHZ51","NREC03","2021MOB:1564-69",3036,"8","19",1,11810,1.54587602966667,0.0312165682007382,1.4297615355,0.0487055762466495,46.7402219516667,9.80260952726742,49.12672501,9.68537286073,112.583333333333,18.1281214657997,-0.496932004916667,2.48948571886406,260.666666666667,59.698231028053
"86",11811,"2023_Rotational Plots",2023,118,"3Year","1","N2","N2","Z031E0047xPHZ51","NREC11","2021MOB:1628-33",3041,"9","3",1,11811,1.462427347,0.0423736277727617,1.43194019916667,0.0198136580746388,46.9442552308333,19.3648899422945,46.7652690458333,16.7851362245781,119.833333333333,47.7756753119739,-0.63346160175,3.07188938092612,309.333333333333,51.3266426178865
"87",11812,"2023_Rotational Plots",2023,118,"3Year","1","N2","N2","PHHB9*PHZ51","UIUC4","2021WN_Tuniche_Chile",3042,"9","7",1,11812,1.43979775833333,0.0563338884781539,1.46978457341667,0.0211930782018507,36.6947016258333,8.91696803749229,32.8445808358333,6.10221595348702,107.916666666667,11.5479894616362,-0.481761747916667,0.806267888245057,224,63.4120722661774
"88",11813,"2023_Rotational Plots",2023,118,"3Year","1","N2","N2","PH5141","CHECK7","Prairie Hyb",3043,"9","11",1,11813,1.429727348,0.0341567445552689,1.41249629541667,0.060858865804815,47.2890316283333,10.7757247276757,49.7626363491667,11.3412638489744,124.75,18.7477271349695,-0.443373393416667,2.49080927592555,371.333333333333,135.395268705663
"89",11814,"2023_Rotational Plots",2023,118,"3Year","1","N2","N2","Z031E0047xPHG47","NREC10","2021MOB:1620-25",3044,"9","15",1,11814,1.53649337566667,0.0277218205519604,1.42592030175,0.0356482894883788,59.7976135433333,6.64958090907473,59.8325861983333,6.15891762047205,123,27.1226171973938,-0.55068318825,2.32307730216333,276.666666666667,30.2274208244264
"90",11815,"2023_Rotational Plots",2023,118,"3Year","1","N2","N2","BR64K93","CHECK4","Blue River Hybrid",3045,"9","19",1,11815,1.420469433,0.0169928398698499,1.41698539641667,0.0285546073168201,45.476547075,10.7381504877383,48.9708696308333,11.1851436414027,113.416666666667,13.1388274925424,-0.516279931166667,2.54636605389426,232,74.2085513327749
"91",21001,"2023_Rotational Plots",2023,210,"4Year","2","N2","N2","B73xPHZ51","NREC03","2021MOB:1564-69",3226,"1","3",1,21001,1.52050264366667,0.00797930156404747,1.48109829166667,0.014665264195158,53.3497228641667,6.18825578604331,56.2064787325,9.58311390322164,111.25,20.8724481292706,-0.498509374666667,1.88415884821208,179.333333333333,44.8134179040432
"92",21002,"2023_Rotational Plots",2023,210,"4Year","2","N2","N2","PH5141","CHECK7","Prairie Hyb",3227,"1","7",1,21002,1.52866531133333,0.0550957617583755,1.49424389366667,0.0152732499241127,43.7517891891667,8.14331375551255,49.5318901875,7.92954414029573,116.75,15.3807731216016,-0.769475395166667,1.87888311725094,219,29.8846266346245
"93",21003,"2023_Rotational Plots",2023,210,"4Year","2","N2","N2","Z031E0047xPHZ51","NREC11","2021MOB:1628-33",3228,"1","11",1,21003,1.52076806833333,0.0119456704399826,1.44112529666667,0.0227734571998818,46.30857969,14.4862118386938,50.2919592741667,13.7009797602416,147.333333333333,14.5934813176876,-0.312971392416667,3.54215509843214,205,47.1824312449223
"94",21004,"2023_Rotational Plots",2023,210,"4Year","2","N2","N2","Z031E0047xMo17","NREC09","2021MOB:1612-17",3229,"1","15",1,21004,1.54325678166667,0.0103277854750158,1.47892535908333,0.0117480780612657,53.7038740383333,9.06177176290047,53.4583303733333,9.57946957383224,110.666666666667,23.7958488867791,-0.493201542333333,2.75411847396534,150,50.6179989547376
"95",21005,"2023_Rotational Plots",2023,210,"4Year","2","N2","N2","B73xPH207","NREC04","2021MOB:1572-77",3230,"1","19",1,21005,1.46200394166667,0.00542841956362611,1.39662497191667,0.0220607255097061,62.3416822866667,6.35906543465896,63.7397995808333,5.75438350110244,77.75,11.6784572455596,-0.47806777375,2.62091424517388,104.333333333333,24.7508799965993
"96",21006,"2023_Rotational Plots",2023,210,"4Year","2","N2","N2","PH6878","CHECK5","Prairie Hyb",3235,"2","3",1,21006,1.54924294833333,0.0429919239487728,1.49364387183333,0.0312418954859648,54.8557244716667,6.72897831834361,55.4252329083333,6.67640185475307,111.166666666667,15.8448921126212,-0.32848173925,2.07876555058976,141.333333333333,14.2786129536026
"97",21007,"2023_Rotational Plots",2023,210,"4Year","2","N2","N2","Z031E0021xPH207","NREC08","2021MOB:1604-09",3234,"2","7",1,21007,1.51394872466667,0.0304865078216501,1.48010847775,0.0309733227408073,52.3838289258333,5.63640544062802,56.671968025,12.0813904887165,128.25,7.7591588110146,-0.649460060416667,1.5043384328508,130,34.3352456072341
"98",21008,"2023_Rotational Plots",2023,210,"4Year","2","N2","N2","Z031E0047xPHG47","NREC10","2021MOB:1620-25",3233,"2","11",1,21008,1.542952692,0.00429021336913838,1.47732532908333,0.0202265197924457,61.0928982016667,7.26707834956315,58.8258016191667,10.5151234046191,91.75,8.99621132376392,-0.509479722,2.04891143000238,145.666666666667,18.5341617429856
"99",21009,"2023_Rotational Plots",2023,210,"4Year","2","N2","N2","Z031E0021xPHG47","NREC06","2021MOB:1588-93",3232,"2","15",1,21009,1.55258466933333,0.0154963612936461,1.45222848041667,0.0219865303917028,61.46363481,6.89111247062287,62.5222976541667,4.52863720050586,107.25,11.4663539421768,-0.451800449,2.66117471249064,177.666666666667,19.8234632940285
"100",21010,"2023_Rotational Plots",2023,210,"4Year","2","N2","N2","BR64K93","CHECK4","Blue River Hybrid",3231,"2","19",1,21010,1.49258656233333,0.015564991924394,1.42315233991667,0.0336045739869571,53.793734185,10.9504415304974,55.4162348766667,12.0364381048338,127,37.2045940467279,-0.388613867,3.2254579540716,171,15.5153882557696
"101",21011,"2023_Rotational Plots",2023,210,"4Year","2","N2","N2","Z031E0021xPHZ51","NREC07","2021MOB:1596",3236,"3","3",1,21011,1.47866388833333,0.0240799250653556,1.47667325725,0.0159530407289951,51.19047967,7.7205954526912,50.6964577425,7.02977827608102,96.5833333333333,7.78644899031567,-0.4243391255,2.17647923726043,222.666666666667,38.1607445451792
"102",21012,"2023_Rotational Plots",2023,210,"4Year","2","N2","N2","B73xPHG47","NREC02","2021MOB:1556-61",3237,"3","7",1,21012,1.508918421,0.0283739605668902,1.43551221483333,0.017556129931015,62.0584429316667,10.1309037024744,58.2507295666667,12.6886433383039,88.25,6.29754641976468,-0.403393093583333,2.39228102502309,145.666666666667,28.8486121718606
"103",21013,"2023_Rotational Plots",2023,210,"4Year","2","N2","N2","B73XMo17","NREC01","2021MOB:1548-53",3238,"3","11",1,21013,1.461569242,0.041198216466287,1.42554642466667,0.042711183873276,57.7124763608333,8.22429143334166,59.2401869666667,11.6224088659758,108.583333333333,15.1324956382754,-0.559486742666667,1.90426934856977,120.333333333333,15.1677488791385
"104",21014,"2023_Rotational Plots",2023,210,"4Year","2","N2","N2","PHHB9*PHZ51","UIUC4","2021WN_Tuniche_Chile",3239,"3","15",1,21014,1.51083561266667,0.014020507715749,1.47339030625,0.0321854445812371,45.7029832483333,8.8918378402568,46.1081739766667,9.32589585184433,85,7.76940386153509,-0.293477765333333,3.758663684246,105.666666666667,11.9493882181423
"105",21015,"2023_Rotational Plots",2023,210,"4Year","2","N2","N2","Z031E0047xPH207","NREC12","2021MOB:1636-41",3240,"3","19",1,21015,1.52453023266667,0.0362357753682865,1.45666517008333,0.0288884567167996,59.01700033,8.46029557927256,62.3647287341667,6.53030546186446,104.416666666667,16.5389805849054,-0.238177019416667,1.75674606502181,135.666666666667,29.2616203283828
"106",21101,"2023_Rotational Plots",2023,211,"4Year","2","N1","N1","Z031E0021xPHG47","NREC06","2021MOB:1588-93",3245,"4","3",1,21101,1.51959712866667,0.0203787336243554,1.46378791858333,0.0283197190218226,55.1019782175,6.28714787263255,54.4900770091667,5.06560110250737,99.4166666666667,10.1395565021655,-0.279829786833333,4.10686930141269,164.333333333333,11.979780946042
"107",21102,"2023_Rotational Plots",2023,211,"4Year","2","N1","N1","Z031E0047xMo17","NREC09","2021MOB:1612-17",3244,"4","7",1,21102,1.532525526,0.0197043147315768,1.46873350483333,0.0247247009430205,54.573518265,11.640672535782,57.8914624133333,10.8641214382841,94.3333333333333,7.32782162016582,-0.522127659166667,2.75570426950865,124.333333333333,46.5253270875774
"108",21103,"2023_Rotational Plots",2023,211,"4Year","2","N1","N1","PH5141","CHECK7","Prairie Hyb",3243,"4","11",1,21103,1.50866470466667,0.0156443644627037,1.48335195216667,0.0254115278501886,63.7329099891667,8.27950824651087,60.6615860833333,9.75283080869819,104.833333333333,8.23333946754771,-0.31414566925,1.8603948919541,144.666666666667,35.5459583007007
"109",21104,"2023_Rotational Plots",2023,211,"4Year","2","N1","N1","B73xPHZ51","NREC03","2021MOB:1564-69",3242,"4","15",1,21104,1.473243776,0.00403842791828267,1.462217447,0.0256044931074155,50.9876905108333,8.41827657536486,52.8759285066667,9.37935167176033,111.5,15.5475809284683,-0.548655619333333,2.71500412939186,176.666666666667,29.1620342641634
"110",21105,"2023_Rotational Plots",2023,211,"4Year","2","N1","N1","B73xPHG47","NREC02","2021MOB:1556-61",3241,"4","19",1,21105,1.53229489766667,0.0109653055792557,1.45717077891667,0.0229533074972223,61.135095745,7.26326833685757,60.1167013383333,7.08438739912158,81.3333333333333,4.20677663977655,-0.338736429083333,3.01874524916547,131.666666666667,23.1569087799392
"111",21106,"2023_Rotational Plots",2023,211,"4Year","2","N1","N1","PHHB9*PHZ51","UIUC4","2021WN_Tuniche_Chile",3246,"5","3",1,21106,1.48754377333333,0.0474398569318643,1.45610112166667,0.0334204108901907,47.98855941,12.4835304619706,48.3518358733333,13.2045422354576,91.75,13.2742060197416,-0.698055813,3.79969861340947,114.333333333333,25.885528892812
"112",21107,"2023_Rotational Plots",2023,211,"4Year","2","N1","N1","Z031E0047xPHZ51","NREC11","2021MOB:1628-33",3247,"5","7",1,21107,1.517063295,0.0112616333853592,1.45899054175,0.0307711459019035,58.0792598658333,13.5673223792712,59.8425096891667,14.8462443410527,93.9166666666667,11.7199001960793,-0.43118089575,2.01492357055932,134,34.2397960911515
"113",21108,"2023_Rotational Plots",2023,211,"4Year","2","N1","N1","Z031E0047xPH207","NREC12","2021MOB:1636-41",3248,"5","11",1,21108,1.49880647266667,0.0319543661225138,1.42877950925,0.0353322121442301,67.79494388,6.23955901504489,68.7701730658333,6.62800768614123,90.1666666666667,9.44682085372768,-0.457408625416667,2.32936793058274,89.6666666666667,12.3680918887958
"114",21109,"2023_Rotational Plots",2023,211,"4Year","2","N1","N1","B73xPH207","NREC04","2021MOB:1572-77",3249,"5","15",1,21109,1.48849556133333,0.0123263006895851,1.42815561275,0.0268247825471881,65.427487835,6.13149912548117,66.9439537425,8.38738514232188,99.0833333333333,13.3584044592522,-0.51958165475,1.91340462575173,108.666666666667,16.9348126292522
"115",21110,"2023_Rotational Plots",2023,211,"4Year","2","N1","N1","BR64K93","CHECK4","Blue River Hybrid",3250,"5","19",1,21110,1.48238659566667,0.0221403780854443,1.41429025433333,0.0234880631860997,64.9616123258333,5.05496813252036,65.6553154075,6.6163054131642,88,11.6463025736224,-0.589516290083333,2.82263892080304,117.333333333333,39.8755640218493
"116",21111,"2023_Rotational Plots",2023,211,"4Year","2","N1","N1","Z031E0021xPHZ51","NREC07","2021MOB:1596",3255,"6","3",1,21111,1.52991903366667,0.0299503551370148,1.47883584991667,0.0212384011763988,49.1966704016667,12.2202178524658,51.2784029241667,7.49610846978781,97.4166666666667,5.66421515598881,-0.397937879083333,1.81847306480533,170,0.852802865422442
"117",21112,"2023_Rotational Plots",2023,211,"4Year","2","N1","N1","Z031E0021xPH207","NREC08","2021MOB:1604-09",3254,"6","7",1,21112,1.52023180033333,0.0116915271370166,1.43889030591667,0.0185356374828368,63.5650216025,8.37958947087704,63.7029880258333,8.67274441201375,96.6666666666667,19.1136949157753,-0.554777389166667,2.32378430761695,128.333333333333,24.1861467987296
"118",21113,"2023_Rotational Plots",2023,211,"4Year","2","N1","N1","B73XMo17","NREC01","2021MOB:1548-53",3253,"6","11",1,21113,1.44052586,0.0361580237285725,1.426987456,0.0235854832457499,61.9800324916667,10.5014771165358,61.81876783,10.7846647298129,104.916666666667,19.9793453952887,-0.493704866666667,2.49016160442443,104.666666666667,7.6435752383451
"119",21114,"2023_Rotational Plots",2023,211,"4Year","2","N1","N1","Z031E0047xPHG47","NREC10","2021MOB:1620-25",3252,"6","15",1,21114,1.47996071466667,0.017030033627257,1.4241944775,0.020600018939633,61.533180475,7.58523161896118,61.82650271,6.27738729342875,93,9.71409472692316,-0.591477223,1.88215094512366,141,38.0717026865695
"120",21115,"2023_Rotational Plots",2023,211,"4Year","2","N1","N1","PH6878","CHECK5","Prairie Hyb",3251,"6","19",1,21115,1.55673815433333,0.00161505544418746,1.49521860633333,0.0156739853866805,57.3366014425,8.77514820639755,58.6344278825,6.07121762795036,89.8333333333333,11.272116307979,-0.411565116333333,2.56672307284965,141.333333333333,19.5649655963888
"121",21201,"2023_Rotational Plots",2023,212,"4Year","2","N3","N3","B73xPH207","NREC04","2021MOB:1572-77",3256,"7","3",1,21201,1.52611393266667,0.0300798830202654,1.48403866575,0.0334787636119144,52.2231606266667,9.01455950689469,53.08797003,10.7640464008665,131.25,33.1144708823527,-0.42667838825,2.65357128997162,153.333333333333,9.50916623181246
"122",21202,"2023_Rotational Plots",2023,212,"4Year","2","N3","N3","Z031E0047xPHZ51","NREC11","2021MOB:1628-33",3257,"7","7",1,21202,1.51325179233333,0.00667285476986325,1.47448197533333,0.0233349572234704,50.9574366058333,10.2162585492132,48.5531575783333,10.2952101739411,97.8333333333333,8.36478911686941,-0.211846268083333,2.20410541757426,231,45.0696430790474
"123",21203,"2023_Rotational Plots",2023,212,"4Year","2","N3","N3","Z031E0047xPHG47","NREC10","2021MOB:1620-25",3258,"7","11",1,21203,1.500131865,0.0619843662125745,1.43444132091667,0.0249085118416566,63.2422915291667,6.09982935837864,62.9384902,7.33343372322131,108.416666666667,20.9781632497541,-0.732876458583333,3.26011259611715,172.333333333333,42.7451928893942
"124",21204,"2023_Rotational Plots",2023,212,"4Year","2","N3","N3","B73xPHZ51","NREC03","2021MOB:1564-69",3259,"7","15",1,21204,1.530201703,0.0254339860679105,1.49797999041667,0.0284598414074589,44.4022713283333,10.6495692408737,48.9540938541667,7.41940749481738,140.583333333333,34.6212187520715,-0.509394454916667,2.17952043105958,227.333333333333,47.2696968725656
"125",21205,"2023_Rotational Plots",2023,212,"4Year","2","N3","N3","Z031E0021xPHG47","NREC06","2021MOB:1588-93",3260,"7","19",1,21205,1.54411695433333,0.0319467752153133,1.45667575458333,0.0319609971304793,60.6047565891667,6.19960026135296,61.0763983141667,5.46653217297601,105.25,14.8760026400056,-0.421476183583333,2.47321347075283,201,21.2174884984491
"126",21206,"2023_Rotational Plots",2023,212,"4Year","2","N3","N3","PHHB9*PHZ51","UIUC4","2021WN_Tuniche_Chile",3265,"8","3",1,21206,1.51687708666667,0.0656761189686545,1.458359781,0.0373402962336106,49.6220857833333,11.4807558039984,46.6914751008333,10.7732861452745,115.583333333333,17.7889563970732,-0.45422873275,4.15987134522745,189.333333333333,24.6182981958665
"127",21207,"2023_Rotational Plots",2023,212,"4Year","2","N3","N3","BR64K93","CHECK4","Blue River Hybrid",3264,"8","7",1,21207,1.45064553233333,0.0490971575618638,1.42211717358333,0.037870325094367,53.6082296816667,9.05408453535374,55.6753587325,6.48807611221759,102.083333333333,6.8815739919048,-0.27658795825,1.41105444154668,178.666666666667,39.8755640218493
"128",21208,"2023_Rotational Plots",2023,212,"4Year","2","N3","N3","PH5141","CHECK7","Prairie Hyb",3263,"8","11",1,21208,1.543021763,0.0222434833919183,1.480825439,0.0310989035278809,54.1154737508333,11.5938713848185,53.8778711716667,9.09577767580285,117.25,29.1831987778772,-0.555020738583333,1.85455703373103,203,13.1287332352987
"129",21209,"2023_Rotational Plots",2023,212,"4Year","2","N3","N3","PH6878","CHECK5","Prairie Hyb",3262,"8","15",1,21209,1.540867526,0.00569694191155737,1.48934247716667,0.0191617272952806,58.0198625083333,5.40535616135823,58.7425500983333,8.55715953839007,95.1666666666667,10.9281399343275,-0.441110879166667,3.88176513134838,193.333333333333,19.7130936335741
"130",21210,"2023_Rotational Plots",2023,212,"4Year","2","N3","N3","Z031E0021xPHZ51","NREC07","2021MOB:1596",3261,"8","19",1,21210,1.568361038,0.017341563741057,1.46836281741667,0.0270481144736965,55.6448688791667,7.02958903079856,54.907021045,7.87472599725181,100.5,8.66025403784439,-0.0148359351666666,2.44716769972058,227.666666666667,43.8537514376081
"131",21211,"2023_Rotational Plots",2023,212,"4Year","2","N3","N3","B73xPHG47","NREC02","2021MOB:1556-61",3266,"9","3",1,21211,1.53458102266667,0.0198318582336033,1.4538954765,0.0220494437607276,57.369322815,6.34107378601244,61.2449657591667,8.36427017083513,104.333333333333,12.4851426855598,-0.6867506235,3.48281057264532,202.333333333333,18.3369142508336
"132",21212,"2023_Rotational Plots",2023,212,"4Year","2","N3","N3","B73XMo17","NREC01","2021MOB:1548-53",3267,"9","7",1,21212,1.49550161866667,0.0553651366029581,1.44510531958333,0.0292414403269958,48.71243854,12.3595098636255,54.0185207325,11.2454728764978,99.1666666666667,10.2232652081002,-0.584649093083333,3.27162724068003,126.333333333333,38.671890974132
"133",21213,"2023_Rotational Plots",2023,212,"4Year","2","N3","N3","Z031E0047xPH207","NREC12","2021MOB:1636-41",3268,"9","11",1,21213,1.517061769,0.0234879129197087,1.47383929883333,0.0240406554473991,55.1110616416667,13.3560800662151,60.405600555,14.0753039476577,100.25,15.0461411543413,-0.60967582975,1.0934409608066,127,25.8808458481979
"134",21214,"2023_Rotational Plots",2023,212,"4Year","2","N3","N3","Z031E0021xPH207","NREC08","2021MOB:1604-09",3269,"9","15",1,21214,1.51794739066667,0.0271144757481523,1.46553557491667,0.0268562319859541,53.84380665,6.59649282632314,56.4826205083333,7.6443363829224,96.3333333333333,10.3338220803282,-0.45081232075,3.6307289911573,196,43.0728769328533
"135",21215,"2023_Rotational Plots",2023,212,"4Year","2","N3","N3","Z031E0047xMo17","NREC09","2021MOB:1612-17",3270,"9","19",1,21215,1.525056411,0.0191340304298878,1.46538397075,0.0201487990856944,52.982849875,10.2180834386221,60.3224557583333,14.2590671560564,114,16.9759187728328,-0.449101133416667,3.02790772904579,135.666666666667,15.071546541464
"136",21901,"2023_Rotational Plots",2023,219,"3Year","2","N2","N2","B73xPHZ51","NREC03","2021MOB:1564-69",3046,"1","3",1,21901,1.520525627,0.0114575258056665,1.47901742333333,0.0183485464941759,57.7692900375,8.69765545834354,61.9444910075,6.9638720389868,93.1666666666667,7.06892473928652,-0.29268325425,2.59410035787221,159.666666666667,25.531917042768
"137",21902,"2023_Rotational Plots",2023,219,"3Year","2","N2","N2","Z031E0021xMo17","NREC05","2021MOB:1580-85",3047,"1","7",1,21902,1.51353388866667,0.0350149952627948,1.49057396658333,0.0220649065225591,52.8382071275,8.31435053164053,51.4754252583333,8.60902254028892,120.083333333333,24.3290261858447,-0.3219978765,2.62176040252215,271.333333333333,41.3000843788117
"138",21903,"2023_Rotational Plots",2023,219,"3Year","2","N2","N2","BR64K93","CHECK4","Blue River Hybrid",3048,"1","11",1,21903,1.56195135966667,0.0252071710175724,1.42880434,0.0420654840321743,63.1247308758333,5.64282471804098,66.1242533458333,6.66836337012039,101.083333333333,19.8332060092679,-0.610918275083333,2.40965420872969,160.333333333333,20.5794837523965
"139",21904,"2023_Rotational Plots",2023,219,"3Year","2","N2","N2","B73XMo17","NREC01","2021MOB:1548-53",3049,"1","15",1,21904,1.51200449366667,0.0127421176913862,1.47209795775,0.018149522866867,44.6667730495,19.1857933524978,51.3286151058333,11.5629657411148,89.0833333333333,9.17960519386055,-0.157346080666667,3.62948843111911,110.333333333333,10.8655697531517
"140",21905,"2023_Rotational Plots",2023,219,"3Year","2","N2","N2","Z031E0021xPHZ51","NREC07","2021MOB:1596",3050,"1","19",1,21905,1.53820420733333,0.00869353990521003,1.501918979,0.0328692271784498,43.9068289391667,13.0999725863282,48.2527001591667,15.4597159927233,121.416666666667,8.03920318680825,-0.376768887,4.25863578081678,206.666666666667,35.5050145839438
"141",21906,"2023_Rotational Plots",2023,219,"3Year","2","N2","N2","Z031E0047xPHZ51","NREC11","2021MOB:1628-33",3055,"2","3",1,21906,1.51181168766667,0.0170023909684647,1.45494094658333,0.0215353470884417,50.9947352208333,9.05681753694028,49.2194874233333,9.01369344181397,85.9166666666667,7.47673158214973,-0.553146620333333,3.28165535898233,132.333333333333,19.7683554902242
"142",21907,"2023_Rotational Plots",2023,219,"3Year","2","N2","N2","PH5141","CHECK7","Prairie Hyb",3054,"2","7",1,21907,1.455507344,0.074493620788992,1.48933064133333,0.0131541923876748,48.7215095858333,12.6388571376006,51.846566955,16.5014801940058,100.166666666667,11.4083966950451,-0.576027574,3.1301073651274,238,96.3063294436513
"143",21908,"2023_Rotational Plots",2023,219,"3Year","2","N2","N2","B73xPHG47","NREC02","2021MOB:1556-61",3053,"2","11",1,21908,1.507281227,0.0300307183299217,1.43717020233333,0.0243884643507791,59.2058269975,7.55535514611889,60.9219270266667,9.04458915787136,100.666666666667,5.72607009980482,-0.39414568925,1.79069644694035,204.666666666667,63.0401507458588
"144",21909,"2023_Rotational Plots",2023,219,"3Year","2","N2","N2","B73xPH207","NREC04","2021MOB:1572-77",3052,"2","15",1,21909,1.459426609,0.0202197095546498,1.43459664675,0.0384999099430709,57.7543148691667,7.04113199022095,57.3138258,9.78580518635428,86.0833333333333,14.68120835585,-0.468006285833333,3.50307766508943,173,76.5007427177255
"145",21910,"2023_Rotational Plots",2023,219,"3Year","2","N2","N2","Z031E0021xPHG47","NREC06","2021MOB:1588-93",3051,"2","19",1,21910,1.477525145,0.0185556808350553,1.412539813,0.0191458521493838,47.6540238991667,6.44240739557771,47.3565334341667,10.6057160106521,101.166666666667,6.47840234700632,-0.640009074583333,4.00226938015236,162.333333333333,35.5459583007007
"146",21911,"2023_Rotational Plots",2023,219,"3Year","2","N2","N2","PHHB9*PHZ51","UIUC4","2021WN_Tuniche_Chile",3056,"3","3",1,21911,1.51448009333333,0.0115923676068212,1.45198752516667,0.0267928795543144,50.9756404108333,10.0732726170346,46.7211299175,8.71523150807874,79.9166666666667,4.44068654260768,-0.338311883916667,3.33432263309277,114.666666666667,11.6098182064957
"147",21912,"2023_Rotational Plots",2023,219,"3Year","2","N2","N2","Z031E0021xPH207","NREC08","2021MOB:1604-09",3057,"3","7",1,21912,1.51670284366667,0.0380420965574803,1.42135744966667,0.0495300703896866,49.2651829816667,5.31809494059367,52.5187530758333,5.75927566477891,107.416666666667,8.0278870007599,-0.456239690916667,2.58091147475281,167.666666666667,42.0677663977655
"148",21914,"2023_Rotational Plots",2023,219,"3Year","2","N2","N2","Z031E0047xMo17","NREC09","2021MOB:1612-17",3059,"3","15",1,21914,1.487292345,0.0276164912934994,1.42404378375,0.029267767267749,54.801278775,5.92397638018257,57.1459353533333,5.7839325551164,94.5,11.5246770808636,-0.430066107916667,2.58788609987293,139,46.1775230644048
"149",21915,"2023_Rotational Plots",2023,219,"3Year","2","N2","N2","Z031E0047xPHG47","NREC10","2021MOB:1620-25",3060,"3","19",1,21915,1.514913723,0.0265018364698157,1.41730298358333,0.0278841106809358,54.8300901633333,6.37404688054672,58.8925992283333,8.34107046989803,114.666666666667,16.3225072346206,-0.7744973655,2.06691905553852,150.333333333333,10.5944525220714
"150",22001,"2023_Rotational Plots",2023,220,"3Year","2","N1","N1","B73xPHZ51","NREC03","2021MOB:1564-69",3065,"4","3",1,22001,1.502133486,0.0107457295398465,1.44991931883333,0.0235880667044843,57.7811195466667,6.3852100980621,57.5502020533333,8.94534161058925,89.75,5.54526825320471,-0.169235574666667,3.90504754859287,132.666666666667,23.2821950438657
"151",22002,"2023_Rotational Plots",2023,220,"3Year","2","N1","N1","Z031E0021xPH207","NREC08","2021MOB:1604-09",3064,"4","7",1,22002,1.54338508133333,0.0211941771869419,1.48249438683333,0.0258934024262439,52.7140529841667,12.1780890879539,57.2696837883333,8.78036372923941,90.3333333333333,11.3964375082211,-0.405978433083333,2.29771384376255,139.333333333333,28.1080167578683
"152",22003,"2023_Rotational Plots",2023,220,"3Year","2","N1","N1","Z031E0047xPHZ51","NREC11","2021MOB:1628-33",3063,"4","11",1,22003,1.51155882666667,0.00226844908915908,1.49567867416667,0.02332131596228,45.4583597691667,9.79026024097761,47.912058665,10.783987354571,113.666666666667,13.7135190983426,-0.454203588916667,3.86361826537154,230.333333333333,19.3969694602643
"153",22004,"2023_Rotational Plots",2023,220,"3Year","2","N1","N1","Z031E0021xPHG47","NREC06","2021MOB:1588-93",3062,"4","15",1,22004,1.49458214933333,0.015075998906006,1.46001767941667,0.0217204439883566,53.9542888666667,8.33689694659886,50.8170189366667,10.9948296062354,94.6666666666667,11.6489042273069,-0.14449526075,1.90765951768161,180.666666666667,83.6457175269963
"154",22005,"2023_Rotational Plots",2023,220,"3Year","2","N1","N1","Z031E0021xMo17","NREC05","2021MOB:1580-85",3061,"4","19",1,22005,1.43860606933333,0.0080027259949633,1.40079907808333,0.0244498841983146,51.7394262091667,4.12846302047479,51.8317711366667,7.79847523686414,98.0833333333333,12.413030787577,-0.624957132083333,2.1216425329814,125,18.150882773423
"155",22006,"2023_Rotational Plots",2023,220,"3Year","2","N1","N1","Z031E0021xPHZ51","NREC07","2021MOB:1596",3066,"5","3",1,22006,1.50675232633333,0.024053214221965,1.46232651275,0.0379255614725242,56.1277274516667,9.02373162844069,56.3490426058333,10.4402617269317,85.4166666666667,3.89541299790438,-0.426093829666667,2.25098697385559,114.666666666667,21.7311395063035
"156",22007,"2023_Rotational Plots",2023,220,"3Year","2","N1","N1","Z031E0047xPHG47","NREC10","2021MOB:1620-25",3067,"5","7",1,22007,1.52120189633333,0.00632299802242838,1.46488741258333,0.0302773808850562,63.1463016458333,7.69598620698523,60.7092682991667,7.6110779009343,89.4166666666667,17.4223384994058,-0.572961588666667,2.95309867304923,124.333333333333,41.4494946418
"157",22008,"2023_Rotational Plots",2023,220,"3Year","2","N1","N1","BR64K93","CHECK4","Blue River Hybrid",3068,"5","11",1,22008,1.50325931733333,0.0155947592983818,1.43275129075,0.0273117332153431,59.6370734875,6.03077499618413,61.7881566275,4.94167031201688,102,19.7714210644832,-0.52245859475,2.1122446518823,188.666666666667,51.8482634640971
"158",22009,"2023_Rotational Plots",2023,220,"3Year","2","N1","N1","B73XMo17","NREC01","2021MOB:1548-53",3069,"5","15",1,22009,1.54209878433333,0.0128695354477703,1.50105486325,0.037381345661732,49.2364808283333,7.38428161020964,49.0908538941667,10.052464883468,113.333333333333,21.4871349811223,-0.338638326916667,2.14060164784906,194,42.0994493593875
"159",22010,"2023_Rotational Plots",2023,220,"3Year","2","N1","N1","PH5141","CHECK7","Prairie Hyb",3070,"5","19",1,22010,1.542284064,0.0144294160761868,1.48161911908333,0.0159591081417922,59.2399811383333,6.82350041389345,60.8599673608333,2.86717864003927,99.6666666666667,15.0171618994786,-0.439033705083333,2.53068255061609,170.666666666667,53.4574313795282
"160",22011,"2023_Rotational Plots",2023,220,"3Year","2","N1","N1","Z031E0047xPH207","NREC12","2021MOB:1636-41",3075,"6","3",1,22011,1.49545645366667,0.0217895569206638,1.4471798045,0.0338184338762418,57.0535834366667,8.85719587362282,60.1902504475,7.68045193372987,76.4166666666667,6.90794448223905,-0.63845803875,3.54062286050607,76.3333333333333,16.0529427114461
"161",22012,"2023_Rotational Plots",2023,220,"3Year","2","N1","N1","PHHB9*PHZ51","UIUC4","2021WN_Tuniche_Chile",3074,"6","7",1,22012,1.55869625766667,0.0096430890247229,1.49999689941667,0.0289188191990846,54.1547395833333,11.5544024341657,51.8456671583333,10.1755026725788,87.8333333333333,5.98229711631567,-0.596211230416667,2.4468607216273,113.666666666667,7.73813852801744
"162",22013,"2023_Rotational Plots",2023,220,"3Year","2","N1","N1","B73xPHG47","NREC02","2021MOB:1556-61",3073,"6","11",1,22013,1.52114280366667,0.0146746017492329,1.48432891408333,0.0213158462785711,56.590126785,7.21421435845782,58.1945419558333,8.05011116247981,104.833333333333,12.8334317194182,-0.358491224,3.42999530596242,144.333333333333,30.0585287649804
"163",22014,"2023_Rotational Plots",2023,220,"3Year","2","N1","N1","Z031E0047xMo17","NREC09","2021MOB:1612-17",3072,"6","15",1,22014,1.50147320633333,0.0197847111776277,1.49200234816667,0.0481533388448987,51.5874402208333,14.3672662657291,57.4100831841667,13.4266010856404,110.916666666667,16.6102834157493,-0.289149270916667,3.68515888740181,167,49.52868773843
"164",22015,"2023_Rotational Plots",2023,220,"3Year","2","N1","N1","B73xPH207","NREC04","2021MOB:1572-77",3071,"6","19",1,22015,1.53990612533333,0.00681992656379536,1.45172105208333,0.026091689986325,61.7299785333333,11.8466611290138,61.0550577258333,11.5031783081229,100.25,20.1229177353041,-0.433335707666667,3.41300284798191,132,21.4560862312687
"165",22102,"2023_Rotational Plots",2023,221,"3Year","2","N3","N3","Z031E0021xPH207","NREC08","2021MOB:1604-09",3077,"7","7",1,22102,1.544142391,0.0261051076493085,1.477407542,0.0216623890791353,54.8184765308333,11.4035223630025,53.6993620275,9.66043819831361,109,23.1987460476168,-0.3954054195,3.26518357485779,217,42.6657196864607
"166",22103,"2023_Rotational Plots",2023,221,"3Year","2","N3","N3","B73xPH207","NREC04","2021MOB:1572-77",3078,"7","11",1,22103,1.516868092,0.0353931116512934,1.464167734,0.0313984889161431,56.0802631891667,12.1461509617384,59.9640267883333,10.5302758030326,86,10.2867964798659,-0.494052693583333,2.65304229807955,168.333333333333,24.7508799965993
"167",22104,"2023_Rotational Plots",2023,221,"3Year","2","N3","N3","Z031E0047xPH207","NREC12","2021MOB:1636-41",3079,"7","15",1,22104,1.51607956366667,0.0345229995238806,1.45587782091667,0.0169197572502295,61.4910174441667,8.01544241457113,62.2800164716667,10.5683133463619,79.5833333333333,6.27344089045721,-0.7006339895,3.1027136710365,151.666666666667,20.7554301036591
"168",22105,"2023_Rotational Plots",2023,221,"3Year","2","N3","N3","Z031E0047xMo17","NREC09","2021MOB:1612-17",3080,"7","19",1,22105,1.53765042,0.00927857349533336,1.51164049425,0.0173180029372707,51.594057525,12.4302064452211,56.2513513433333,32.6768061036588,106.083333333333,11.9731391291532,-0.18975018825,2.94240214072768,158.666666666667,13.6537263201019
"169",22106,"2023_Rotational Plots",2023,221,"3Year","2","N3","N3","B73XMo17","NREC01","2021MOB:1548-53",3085,"8","3",1,22106,1.498885539,0.0174630580517023,1.43706388333333,0.0224445575337982,54.9224784816667,11.0610140143877,55.3213578383333,11.5275425705681,86.9166666666667,6.55686085275753,-0.638824318583333,3.10785624747974,83,6.66060330327789
"170",22107,"2023_Rotational Plots",2023,221,"3Year","2","N3","N3","Z031E0047xPHG47","NREC10","2021MOB:1620-25",3084,"8","7",1,22107,1.48227707133333,0.0263530520131535,1.45275182116667,0.0277442807003179,57.2404112725,7.74957473103782,58.53074932,7.11880343804703,93,4.97265248406449,-0.603292937416667,3.70503788832084,125.666666666667,23.1569087799392
"171",22108,"2023_Rotational Plots",2023,221,"3Year","2","N3","N3","Z031E0021xPHZ51","NREC07","2021MOB:1596",3083,"8","11",1,22108,1.55007648733333,0.0161520912971666,1.49293464583333,0.0147056657569622,53.0063484016667,9.36403707052048,48.708584,8.6413804441852,107.583333333333,19.3553297021463,-0.54946698825,2.32922274220436,219.333333333333,50.3827772400871
"172",22109,"2023_Rotational Plots",2023,221,"3Year","2","N3","N3","Z031E0047xPHZ51","NREC11","2021MOB:1628-33",3082,"8","15",1,22109,1.47159157233333,0.0242230244830833,1.44243981016667,0.0218482315161952,49.9127514275,8.87400515807963,45.22529285,8.30755425112586,118.666666666667,17.6085378740146,-0.546005450583333,3.00359533326297,291,49.5727197706011
"173",22110,"2023_Rotational Plots",2023,221,"3Year","2","N3","N3","B73xPHG47","NREC02","2021MOB:1556-61",3081,"8","19",1,22110,1.51660433733333,0.010048076252886,1.45242502633333,0.0213247240222903,61.1506347775,13.3353076874261,62.92521007,12.8719747408095,83.8333333333333,5.30580014243989,-0.266100069583333,4.91107680440919,178.333333333333,44.0688167081964
"174",22111,"2023_Rotational Plots",2023,221,"3Year","2","N3","N3","PHHB9*PHZ51","UIUC4","2021WN_Tuniche_Chile",3086,"9","3",1,22111,1.56224278966667,0.0141236400129557,1.49460054783333,0.0317082433396651,47.3132379675,10.1223495543697,46.9159795541667,9.12262050879753,97,8.50668186566515,-0.866840104833333,2.74853704138683,210.666666666667,23.8835558999124
"175",22112,"2023_Rotational Plots",2023,221,"3Year","2","N3","N3","Z031E0021xMo17","NREC05","2021MOB:1580-85",3087,"9","7",1,22112,1.49132264633333,0.0364305184356035,1.44653293566667,0.0321182794599053,51.53210152,9.34927437906936,51.1673484175,10.4082842477466,110.75,19.6011363306964,-0.725750148166667,3.83951799648898,154.666666666667,45.1287719820301
"176",22113,"2023_Rotational Plots",2023,221,"3Year","2","N3","N3","Z031E0021xPHG47","NREC06","2021MOB:1588-93",3088,"9","11",1,22113,1.52111007166667,0.0267852605898013,1.45806824083333,0.0279784333838532,59.8664724625,5.96336018585335,61.6801548925,5.12457806235656,89.6666666666667,6.91944996938253,-0.628826418833333,2.99072093668698,142.333333333333,58.7217372379464
"177",22114,"2023_Rotational Plots",2023,221,"3Year","2","N3","N3","PH5141","CHECK7","Prairie Hyb",3089,"9","15",1,22114,1.51058177466667,0.030882329786307,1.49128537566667,0.0158422304929285,44.7822075666667,8.01840517506012,46.331998105,9.11520483966544,123.5,30.2249144671322,-0.4304679815,2.16640707780737,232.333333333333,46.8989888112223
"178",22115,"2023_Rotational Plots",2023,221,"3Year","2","N3","N3","BR64K93","CHECK4","Blue River Hybrid",3090,"9","19",1,22115,1.539978625,0.00336821432249464,1.499615421375,0.0185297568249528,54.91670828,11.8868580302801,55.0325792675,13.0312531928999,93,6.48074069840786,-0.4368675865,2.13738184743689,155.5,24.0535117721182
"179",31101,"2023_Rotational Plots",2023,311,"4Year","3","N3","N3","Z031E0047xMo17","NREC09","2021MOB:1612-17",3290,"4","3",1,31101,1.43941357,0.00314070014521708,1.38775434625,0.043306126036368,49.3553852208333,7.11227065592738,47.2855587241667,8.41768405918161,116.416666666667,6.1119604552108,-0.704272592833333,3.04352106566383,268.666666666667,116.370359654255
"180",31102,"2023_Rotational Plots",2023,311,"4Year","3","N3","N3","B73xPH207","NREC04","2021MOB:1572-77",3289,"4","7",1,31102,1.45587710133333,0.0252935724023009,1.43265247066667,0.0338618804467576,55.3427994,8.63767728385964,57.342976195,8.94749938576653,90.5,14.5882892012114,-0.490440468666667,1.25755185511799,103.666666666667,45.1448846056849
"181",31103,"2023_Rotational Plots",2023,311,"4Year","3","N3","N3","Z031E0021xPHG47","NREC06","2021MOB:1588-93",3288,"4","11",1,31103,1.477351477,0.0205462371997203,1.44422930416667,0.0175545733850976,52.97117057,6.09709030887376,54.8102678225,6.80002393925206,102.333333333333,20.5618063114085,-0.516990618916667,2.61408927541183,178.666666666667,34.4761665590312
"182",31104,"2023_Rotational Plots",2023,311,"4Year","3","N3","N3","Z031E0021xMo17","NREC05","2021MOB:1580-85",3287,"4","15",1,31104,1.48690577366667,0.0516337306705435,1.44418037083333,0.034435692747169,51.7152977225,11.0255383379562,49.2396739416667,12.9020143171635,127.416666666667,12.3395766343563,-0.356820654666667,3.63546830793775,134.333333333333,26.1093272547756
"183",31105,"2023_Rotational Plots",2023,311,"4Year","3","N3","N3","PH5141","CHECK7","Prairie Hyb",3286,"4","19",1,31105,1.54013687366667,0.0380774375955009,1.48879768666667,0.0322113215829985,45.1896509466667,11.5245801518155,43.3113367283333,14.0057408841719,103.583333333333,10.8833344934799,-0.94007594125,1.96374616162671,186.333333333333,47.7671117998249
"184",31106,"2023_Rotational Plots",2023,311,"4Year","3","N3","N3","BR64K93","CHECK4","Blue River Hybrid",3291,"5","3",1,31106,1.45522975666667,0.00464740605355927,1.42366890366667,0.0490625130892966,59.0287284108333,6.51923170765935,60.753321595,9.38242518521717,94,9.41951552508263,-0.634555817583333,3.08385585063867,136.666666666667,53.4234087836091
"185",31107,"2023_Rotational Plots",2023,311,"4Year","3","N3","N3","Z031E0021xPHZ51","NREC07","2021MOB:1596",3292,"5","7",1,31107,1.477145403,0.00902131405014798,1.44116218716667,0.0223705694975979,47.1373177191667,7.59238350711912,49.1851508225,10.0065497981216,90.4166666666667,6.40253264282379,-0.601304180833333,3.30787806897443,152.666666666667,13.8651514323654
"186",31108,"2023_Rotational Plots",2023,311,"4Year","3","N3","N3","B73XMo17","NREC01","2021MOB:1548-53",3293,"5","11",1,31108,1.42279373666667,0.0204629980748862,1.41763999708333,0.0446890048901169,49.4470769733333,11.9383776038361,51.3249247116667,9.75329551038419,107.666666666667,22.1290978057618,-0.763761245833333,3.15255771570322,131.666666666667,4.37624441176623
"187",31109,"2023_Rotational Plots",2023,311,"4Year","3","N3","N3","B73xPHZ51","NREC03","2021MOB:1564-69",3294,"5","15",1,31109,1.46443333833333,0.0283384820545774,1.4393379335,0.0271001398943416,53.3349267691667,10.5011161333835,51.5183158866667,12.1165304442272,90.0833333333333,12.9927135757164,-0.185748078166667,3.29925756658135,130.333333333333,18.0168271514732
"188",31110,"2023_Rotational Plots",2023,311,"4Year","3","N3","N3","Z031E0047xPHG47","NREC10","2021MOB:1620-25",3295,"5","19",1,31110,1.48844197166667,0.00322492092417872,1.46602465458333,0.0350139195770097,58.7069700741667,7.70350443257003,59.3694587091667,9.36785846901637,87.4166666666667,9.90370301116372,-0.488246211,2.6580331653635,101.333333333333,24.365897678866
"189",31111,"2023_Rotational Plots",2023,311,"4Year","3","N3","N3","Z031E0047xPH207","NREC12","2021MOB:1636-41",3300,"6","3",1,31111,1.44743491066667,0.0102247388226401,1.4202937745,0.0293517896426595,54.5691120316667,10.9960990871076,50.89107473,13.4823316649246,98.8333333333333,19.7338349649591,-0.45722799925,1.77714523767885,145.666666666667,28.6969536974772
"190",31112,"2023_Rotational Plots",2023,311,"4Year","3","N3","N3","Z031E0021xPH207","NREC08","2021MOB:1604-09",3299,"6","7",1,31112,1.51078249533333,0.0374302994116997,1.43829446258333,0.0231325102832952,57.2215750633333,7.70927479331995,59.5696732925,6.42865527940673,76.3333333333333,9.1684571254168,-0.51017577425,1.5788229768248,101.333333333333,27.2941330137027
"191",31113,"2023_Rotational Plots",2023,311,"4Year","3","N3","N3","PHHB9*PHZ51","UIUC4","2021WN_Tuniche_Chile",3298,"6","11",1,31113,1.439046044,0.0228824809923478,1.44586030666667,0.0285544107232392,45.2447609791667,10.7766501871029,47.8653892491667,13.432415026267,113.416666666667,12.1015275770032,-0.891200417666667,2.89980243149328,190.333333333333,4.69687194424183
"192",31114,"2023_Rotational Plots",2023,311,"4Year","3","N3","N3","B73xPHG47","NREC02","2021MOB:1556-61",3297,"6","15",1,31114,1.47332519833333,0.0357262133203506,1.450801982,0.0270038391891453,61.0779627491667,10.7326097311169,60.4314805291667,11.0795748767665,93,14.7648230602334,-0.581776814833333,2.31699130685454,144.333333333333,39.7842667242703
"193",31115,"2023_Rotational Plots",2023,311,"4Year","3","N3","N3","Z031E0047xPHZ51","NREC11","2021MOB:1628-33",3296,"6","19",1,31115,1.487958896,0.0149695808505513,1.41446900241667,0.0226180765280661,52.7140632733333,12.3866631625118,51.1550386166667,8.69217944287384,102.833333333333,6.49241982249416,-0.2831768355,2.58734609595382,249.666666666667,16.0981835978944
"194",32001,"2023_Rotational Plots",2023,320,"3Year","3","N2","N2","Z031E0021xPHG47","NREC06","2021MOB:1588-93",3110,"4","3",1,32001,1.47355730533333,0.0113812691128329,1.43302338983333,0.0292461417864712,55.064636235,9.17565960106542,53.5586855441667,10.7569782435694,87.4166666666667,4.5016831868926,-0.568891469166667,2.71949472546207,144.666666666667,27.7827066334219
"195",32002,"2023_Rotational Plots",2023,320,"3Year","3","N2","N2","Z031E0021xPH207","NREC08","2021MOB:1604-09",3109,"4","7",1,32002,1.49464681933333,0.033943656538959,1.4530491815,0.0349933219110757,53.4889731566667,10.9212400579213,55.2514579241667,11.0472678968491,84.0833333333333,10.0946280343317,-0.511279043916667,2.68828196349593,104.333333333333,15.7787736205859
"196",32003,"2023_Rotational Plots",2023,320,"3Year","3","N2","N2","Z031E0047xMo17","NREC09","2021MOB:1612-17",3108,"4","11",1,32003,1.485674256,0.0300550691287146,1.46442827858333,0.0190476087586654,43.1686371508333,11.2823344991294,46.5249546716667,11.1265473513471,106.333333333333,13.9109723425486,-0.49673219725,2.66998547060828,102.666666666667,12.4267551043803
"197",32004,"2023_Rotational Plots",2023,320,"3Year","3","N2","N2","PH6878","CHECK5","Prairie Hyb",3107,"4","15",1,32004,1.51147067966667,0.0382807656619513,1.47142574191667,0.0155310007206559,54.9961083916667,8.10304512029892,56.35496697,8.35611321660304,113.833333333333,9.37921622363494,-0.40275739975,2.01015352533234,192,10.8878581247854
"198",32005,"2023_Rotational Plots",2023,320,"3Year","3","N2","N2","B73xPHG47","NREC02","2021MOB:1556-61",3106,"4","19",1,32005,1.52537236033333,0.0248994139986384,1.42381318466667,0.0227459961491437,58.3750748408333,8.43104104093794,59.3224653475,6.83993306324327,78.1666666666667,5.0602431370499,-0.432081105916667,2.74769646755254,115.333333333333,21.9144341529145
"199",32006,"2023_Rotational Plots",2023,320,"3Year","3","N2","N2","Z031E0047xPHZ51","NREC11","2021MOB:1628-33",3111,"5","3",1,32006,1.51101923333333,0.0334550588525474,1.43124469283333,0.0357162750318115,53.9893752625,6.84941269639847,55.7184021833333,8.15841011293266,100.666666666667,6.67877687949377,-0.816917071,2.17865762686044,269,44.3211420922751
"200",32007,"2023_Rotational Plots",2023,320,"3Year","3","N2","N2","PHHB9*PHZ51","UIUC4","2021WN_Tuniche_Chile",3112,"5","7",1,32007,1.538161509,0.00290262818226608,1.46866955966667,0.0357688287527822,49.2748988925,8.12433877583535,50.1749408158333,6.84309956614167,87.6666666666667,4.86795333759165,-0.526586380833333,2.77600857703084,157,19.3719572390796
"201",32008,"2023_Rotational Plots",2023,320,"3Year","3","N2","N2","B73xPH207","NREC04","2021MOB:1572-77",3113,"5","11",1,32008,1.55259614433333,0.0442846989836233,1.483788517,0.0408884743436982,54.27039374,11.3137183894545,55.33489773,8.93617984455318,117,31.5681081876228,-0.2749319125,3.2201083005952,174,69.44454949487
"202",32009,"2023_Rotational Plots",2023,320,"3Year","3","N2","N2","Z031E0047xPHG47","NREC10","2021MOB:1620-25",3114,"5","15",1,32009,1.480456403,0.0515486962799909,1.46243681891667,0.035001733610085,53.7839979108333,11.8194395882388,56.5846020741667,10.2909351537627,99.3333333333333,9.9939375562782,-0.398360349083333,3.41947857127156,178.666666666667,45.8799487463717
"203",32010,"2023_Rotational Plots",2023,320,"3Year","3","N2","N2","BR64K93","CHECK4","Blue River Hybrid",3115,"5","19",1,32010,1.466738452,0.0196827970624576,1.37972895308333,0.0669533289518421,56.8668708583333,7.63899749080749,50.05476421,13.5955501786394,104.916666666667,8.26227278145375,-0.730918592166667,3.82649964251976,239.333333333333,53.3280300393591
"204",32011,"2023_Rotational Plots",2023,320,"3Year","3","N2","N2","B73XMo17","NREC01","2021MOB:1548-53",3120,"6","3",1,32011,1.43291299966667,0.0233611206558663,1.40657585266667,0.0240483797660647,49.6518912975,10.863198278255,47.3471726266667,9.01900822725415,98.8333333333333,7.19637956113203,-0.52612526075,2.2297620013014,152,7.81606736734716
"205",32012,"2023_Rotational Plots",2023,320,"3Year","3","N2","N2","PH5141","CHECK7","Prairie Hyb",3119,"6","7",1,32012,1.459445595,0.0502365658681775,1.46635371008333,0.026475385622271,53.2020409383333,13.3887546536049,60.5882874658333,9.88502543590183,95.6666666666667,9.82883821242677,-0.776202540166667,4.78153864135648,149,29.0579358586194
"206",32013,"2023_Rotational Plots",2023,320,"3Year","3","N2","N2","Z031E0021xPHZ51","NREC07","2021MOB:1596",3118,"6","11",1,32013,1.493375146,0.0230603159655033,1.474852418,0.0168134342257548,45.8247060475,13.2416066968452,41.91894072075,14.1949498987018,89.0833333333333,4.99924236684162,-0.43465288225,2.44938318183232,185,54.1982891377075
"207",32014,"2023_Rotational Plots",2023,320,"3Year","3","N2","N2","B73xPHZ51","NREC03","2021MOB:1564-69",3117,"6","15",1,32014,1.45027869266667,0.0280703144635845,1.45488078225,0.0198901320207781,49.44033817,6.62816420175214,47.7534181191667,6.89343196712164,120.666666666667,22.6167007212624,-0.314577863,1.64330467291329,283.666666666667,17.7729791503503
"208",32015,"2023_Rotational Plots",2023,320,"3Year","3","N2","N2","Z031E0047xPH207","NREC12","2021MOB:1636-41",3116,"6","19",1,32015,1.51270344266667,0.0209715872993355,1.4608359195,0.0490735139728683,58.5625606308333,9.78206906578382,54.9833350425,7.14854108034665,92.0833333333333,15.1505075422535,-0.50503136975,1.59167955649866,152.666666666667,64.9605941158083
"209",40201,"2023_Rotational Plots",2023,402,"3Year","4","N3","N3","PHHB9*PHZ51","UIUC4","2021WN_Tuniche_Chile",3155,"4","3",1,40201,1.4786487165,0.0464732710735778,1.476981110375,0.0157246483107969,46.1320183275,6.97219978102447,46.31169171625,9.16553813029478,97.625,5.97464882410913,-0.541284483875,1.73126242815478,210.5,49.7105909957109
"210",40202,"2023_Rotational Plots",2023,402,"3Year","4","N3","N3","Z031E0047xMo17","NREC09","2021MOB:1612-17",3154,"4","7",1,40202,1.22352244633333,0.363453793389471,0.993543658333333,0.653418075819273,35.2983757558333,27.2024340614908,35.8443878858333,27.8827120356286,67.4166666666667,50.0716910282072,-0.2908836045,2.67046502202775,167,20.9414768950391
"211",40203,"2023_Rotational Plots",2023,402,"3Year","4","N3","N3","Z031E0047xPHG47","NREC10","2021MOB:1620-25",3153,"4","11",1,40203,1.48716007533333,0.01270082749013,1.39852513166667,0.0341303666043319,55.1377900241667,8.70778286214389,59.1904460366667,4.73560076927887,99.5833333333333,7.1789887023089,-0.844767119166667,2.49846686486636,256.666666666667,24.9702853711196
"212",40204,"2023_Rotational Plots",2023,402,"3Year","4","N3","N3","B73XMo17","NREC01","2021MOB:1548-53",3152,"4","15",1,40204,1.47481058266667,0.010607716598807,1.44951987416667,0.0264997386077581,57.8596485625,8.38847627529125,55.431979395,9.07811018715837,108.333333333333,20.5219763948679,-0.22890348,2.77108555683462,211,19.9453799617401
"213",40205,"2023_Rotational Plots",2023,402,"3Year","4","N3","N3","B73xPHZ51","NREC03","2021MOB:1564-69",3151,"4","19",1,40205,1.45287453733333,0.0292677137047895,1.45650866333333,0.021426538454335,52.4234643925,9.47769860190671,53.4385718733333,10.4549976508626,109.166666666667,23.385439655452,-0.406011049083333,3.64584955610909,217.666666666667,88.2242322240049
"214",40206,"2023_Rotational Plots",2023,402,"3Year","4","N3","N3","BR64K93","CHECK4","Blue River Hybrid",3156,"5","3",1,40206,1.48398933133333,0.0424974798622836,1.45698126358333,0.0198640946604891,49.1228794491667,10.7904498003389,48.1698286633333,7.76834752276732,105,7.26135474462395,-0.566487801,2.12170639359547,253,40.7564830314259
"215",40207,"2023_Rotational Plots",2023,402,"3Year","4","N3","N3","PH5141","CHECK7","Prairie Hyb",3157,"5","7",1,40207,1.49595755033333,0.0100342482593174,1.47061124008333,0.0112047155333106,56.633663305,7.16186722548498,57.2438185033333,6.87086432019274,112.666666666667,16.0302743884719,-0.453354067666667,2.19036720081255,224,70.5356131842116
"216",40208,"2023_Rotational Plots",2023,402,"3Year","4","N3","N3","Z031E0047xPH207","NREC12","2021MOB:1636-41",3158,"5","11",1,40208,1.48713506333333,0.0172310394414822,1.40851718425,0.0327975571645592,60.4619469108333,8.61154630782894,58.1570095075,8.51648067016872,116.75,24.2416808598144,-0.722851819333333,3.05770806574978,145,21.4221635440749
"217",40209,"2023_Rotational Plots",2023,402,"3Year","4","N3","N3","B73xPH207","NREC04","2021MOB:1572-77",3159,"5","15",1,40209,1.420768787,0.0834777038748721,1.39808710091667,0.0384472004150133,66.8953637783333,10.7870690989425,64.9048878391667,7.16266320192195,83.1666666666667,14.7761068395343,-0.56303661675,3.95861616176509,68.6666666666667,31.7986086983616
"218",40210,"2023_Rotational Plots",2023,402,"3Year","4","N3","N3","PH6878","CHECK5","Prairie Hyb",3160,"5","19",1,40210,1.46789601966667,0.0529480965172748,1.42558394158333,0.0282786651661427,53.2894220233333,8.23307612613278,54.7263805391667,9.80216400467548,99.8333333333333,18.2748378096687,-0.780728486416667,3.19123171143683,188.666666666667,25.4463190170042
"219",40211,"2023_Rotational Plots",2023,402,"3Year","4","N3","N3","Z031E0021xPHZ51","NREC07","2021MOB:1596",3165,"6","3",1,40211,1.49777889533333,0.0242648203244205,1.46993359125,0.0149402575154476,53.1482296025,10.8828248768383,52.5172761416667,8.60302893072217,106.666666666667,15.0775771705315,-0.576913769416667,3.47513269001887,171.666666666667,69.5666238329499
"220",40212,"2023_Rotational Plots",2023,402,"3Year","4","N3","N3","B73xPHG47","NREC02","2021MOB:1556-61",3164,"6","7",1,40212,1.542702127,0.0963065607939049,1.43402384108333,0.0390033582938875,57.2119749483333,7.18268127746021,58.2890307416667,5.37687414232173,101.916666666667,7.86775159442106,-0.343805038166667,2.30162762620113,186.333333333333,68.0338596627155
"221",40213,"2023_Rotational Plots",2023,402,"3Year","4","N3","N3","Z031E0047xPHZ51","NREC11","2021MOB:1628-33",3163,"6","11",1,40213,1.446966841,0.0467182880673973,1.43488052166667,0.0311806158346974,48.29363602,9.89858926258461,48.3277943791667,8.95670216890621,112.583333333333,19.1000158654543,-0.483039549916667,3.06903599070776,190,97.8273060969268
"222",40214,"2023_Rotational Plots",2023,402,"3Year","4","N3","N3","Z031E0021xPH207","NREC08","2021MOB:1604-09",3162,"6","15",1,40214,1.59024579933333,0.0406302817275351,1.38983146458333,0.0574564203165455,61.557046935,8.1930924861442,59.6828823566667,6.09230709086739,112.75,7.38702794215521,-0.47285448025,4.34083366860903,290,39.1454165434938
"223",40215,"2023_Rotational Plots",2023,402,"3Year","4","N3","N3","Z031E0021xPHG47","NREC06","2021MOB:1588-93",3161,"6","19",1,40215,1.455636117,0.0364001299045552,1.42322860783333,0.0351541947373354,56.54181131,10.1494883629413,57.7596542191667,13.1308680415131,129.25,29.3044365241852,-0.47807327925,3.39559200024823,205,62.0439726762765
"224",41301,"2023_Rotational Plots",2023,413,"4Year","4","N1","N1","Z031E0047xPHZ51","NREC11","2021MOB:1628-33",3316,"1","3",1,41301,1.54823998566667,0.0219597275270364,1.48815878316667,0.0194725076587931,56.9807310791667,4.93004038690637,55.9937768983333,5.59849497064203,103.25,12.2112094553994,-0.6678354905,2.50550304722427,156,24.8193472919817
"225",41302,"2023_Rotational Plots",2023,413,"4Year","4","N1","N1","Z031E0047xPH207","NREC12","2021MOB:1636-41",3317,"1","7",1,41302,1.51996009533333,0.0473748181147336,1.44653971675,0.0320266284164771,59.6577079008333,7.03027547483352,62.280363075,8.69407465063926,84.3333333333333,10.6201637834771,-0.47498874925,1.9581922908263,82.3333333333333,18.7293320432918
"226",41303,"2023_Rotational Plots",2023,413,"4Year","4","N1","N1","Z031E0047xMo17","NREC09","2021MOB:1612-17",3318,"1","11",1,41303,1.51430774233333,0.00196313203444743,1.47487542741667,0.0143364277593516,54.2900434975,7.59344487230966,56.2019595491667,6.06985620873189,91.6666666666667,12.5432584814845,-0.50748183775,2.56891039891572,110,25.6833869191032
"227",41304,"2023_Rotational Plots",2023,413,"4Year","4","N1","N1","B73xPHZ51","NREC03","2021MOB:1564-69",3319,"1","15",1,41304,1.53100923833333,0.0359317909681841,1.46501447933333,0.0327505869385578,50.6604328266667,8.42586627290352,49.8967756108333,10.0551576320831,88.25,8.50801760907696,-0.440829387416667,3.11765058813696,145.666666666667,16.6751493564707
"228",41305,"2023_Rotational Plots",2023,413,"4Year","4","N1","N1","Z031E0021xPH207","NREC08","2021MOB:1604-09",3320,"1","19",1,41305,1.52457009233333,0.0295639703797901,1.46970893033333,0.0216038550163565,52.5600904766667,12.2253967549739,57.156332575,14.9144492156929,98.8333333333333,17.7243198783907,-0.6965687095,3.41201226954763,119.666666666667,6.05029425780768
"229",41306,"2023_Rotational Plots",2023,413,"4Year","4","N1","N1","B73xPHG47","NREC02","2021MOB:1556-61",3325,"2","3",1,41306,1.53537581633333,0.0221476436209152,1.48872163166667,0.03302515110137,63.3319775008333,5.49955318753446,61.7154180866667,7.14302644559208,86.1666666666667,6.49241982249416,0.0700089780833334,2.37256877238105,114,22.7396330025555
"230",41307,"2023_Rotational Plots",2023,413,"4Year","4","N1","N1","Z031E0047xPHG47","NREC10","2021MOB:1620-25",3324,"2","7",1,41307,1.498576303,0.0401788581181497,1.43774973616667,0.0160565972447477,55.9193577366667,6.37159813788593,60.1057922625,6.86213949662886,84.8333333333333,8.07727826946826,-0.67379132825,1.854200283084,119,36.0907945956508
"231",41308,"2023_Rotational Plots",2023,413,"4Year","4","N1","N1","B73xPH207","NREC04","2021MOB:1572-77",3323,"2","11",1,41308,1.51354181233333,0.00584467090559758,1.44269070808333,0.0174039589877696,62.3290447475,7.26529369691885,62.8146548375,10.9902987519318,107.75,16.83678332483,-0.516842972666667,1.42678456652833,116.333333333333,39.1299311927777
"232",41309,"2023_Rotational Plots",2023,413,"4Year","4","N1","N1","B73XMo17","NREC01","2021MOB:1548-53",3322,"2","15",1,41309,1.48826749566667,0.0454087599942041,1.43454852458333,0.0277053347849255,58.5471616183333,6.86349504443081,57.8731523675,7.6942417879542,85.75,5.54526825320471,-0.211323930916667,1.64565875029671,73,6.14964891828646
"233",41310,"2023_Rotational Plots",2023,413,"4Year","4","N1","N1","Z031E0021xPHZ51","NREC07","2021MOB:1596",3321,"2","19",1,41310,1.476407481,0.00495727462557647,1.45614446258333,0.0272079350785095,53.3263227283333,10.7758917593217,55.7806559225,11.6521224756707,97.9166666666667,22.1419319734108,-0.603391807083333,2.25935172191996,118.666666666667,29.9130051781475
"234",41311,"2023_Rotational Plots",2023,413,"4Year","4","N1","N1","PHHB9*PHZ51","UIUC4","2021WN_Tuniche_Chile",3326,"3","3",1,41311,1.53886971066667,0.0143294817647179,1.46538318,0.0205640988045028,53.9257541866667,8.6631680425064,54.697013055,11.0508108951159,83.6666666666667,5.6138357221379,-0.4329934815,3.73360705174675,101,22.6113406783571
"235",41312,"2023_Rotational Plots",2023,413,"4Year","4","N1","N1","Z031E0021xPHG47","NREC06","2021MOB:1588-93",3327,"3","7",1,41312,1.54621013,0.0218718260722018,1.45679929408333,0.0193050706894781,61.8036245708333,6.521901510773,60.48259798,8.6966598942802,90.1666666666667,3.51188458428425,-0.498757594166667,2.28601957877327,138.333333333333,10.8320512061813
"236",41313,"2023_Rotational Plots",2023,413,"4Year","4","N1","N1","PH5141","CHECK7","Prairie Hyb",3328,"3","11",1,41313,1.54902648933333,0.0133451246244653,1.47931826383333,0.0225352701606252,54.8334888233333,11.1687549868117,50.329712445,12.3412542454836,101.916666666667,14.7614875656729,-0.22514743225,2.0302299517398,173,48.2342767598464
"237",41314,"2023_Rotational Plots",2023,413,"4Year","4","N1","N1","BR64K93","CHECK4","Blue River Hybrid",3329,"3","15",1,41314,1.49881783266667,0.0179669216013224,1.41544184833333,0.0261226913021608,64.0509394441667,3.07705529476588,65.4346641075,2.77948898114911,92.5833333333333,16.4784064395766,-0.65135096375,2.09375516295329,105,26.6424132131116
"238",41315,"2023_Rotational Plots",2023,413,"4Year","4","N1","N1","Z031E0021xMo17","NREC05","2021MOB:1580-85",3330,"3","19",1,41315,1.51024571966667,0.0123753119053588,1.45286642108333,0.0197360371217072,59.0899602583333,8.14697766705638,57.7347198133333,7.71795719814787,90.3333333333333,5.56504240502235,-0.437003960666667,1.90538518608548,109.333333333333,16.6751493564707
"239",41401,"2023_Rotational Plots",2023,414,"4Year","4","N2","N2","Z031E0021xPHZ51","NREC07","2021MOB:1596",3335,"4","3",1,41401,1.487570548,0.0193825461485429,1.46003731225,0.0175046154568721,51.5205674283333,13.2595573004671,45.7539305975,8.01950948543102,119.333333333333,26.4311570046803,-0.315214587833333,2.7933273399088,214.666666666667,53.8302607247724
"240",41402,"2023_Rotational Plots",2023,414,"4Year","4","N2","N2","Z031E0047xPHG47","NREC10","2021MOB:1620-25",3334,"4","7",1,41402,1.51148787233333,0.0218164689095268,1.4336436695,0.0156743031495391,55.0005002291667,8.87321845666804,55.7288264525,9.35853603835641,92.4166666666667,4.29499356192413,-0.5302688485,1.00714205886355,176,2.55840859626733
"241",41403,"2023_Rotational Plots",2023,414,"4Year","4","N2","N2","B73XMo17","NREC01","2021MOB:1548-53",3333,"4","11",1,41403,1.50470259466667,0.0057560682585772,1.46901949283333,0.0245171815240543,56.7125976516667,7.67492766109289,54.8652360033333,7.02211735635848,106.666666666667,13.8257555002074,-0.333238743166667,2.26783158330897,98,21.3711785526038
"242",41404,"2023_Rotational Plots",2023,414,"4Year","4","N2","N2","PH5141","CHECK7","Prairie Hyb",3332,"4","15",1,41404,1.527428926,0.0111926493381645,1.50419408116667,0.016889159613164,52.6738603975,11.3476402247117,50.2442093483333,9.70414481542481,110.583333333333,13.9899855957645,-0.289018412083333,1.16406606692147,183,26.9275121221941
"243",41405,"2023_Rotational Plots",2023,414,"4Year","4","N2","N2","Z031E0047xPHZ51","NREC11","2021MOB:1628-33",3331,"4","19",1,41405,1.5537369,0.01203783349944,1.47448134233333,0.0287382072366671,56.9019615583333,8.3372933282965,58.9046025641667,9.0259614941555,90.6666666666667,5.28003673081806,-0.581109152083333,2.44833989816329,172.333333333333,25.4748836497774
"244",41406,"2023_Rotational Plots",2023,414,"4Year","4","N2","N2","Z031E0021xMo17","NREC05","2021MOB:1580-85",3336,"5","3",1,41406,1.502830221,0.019439860403298,1.46210343183333,0.0185427772592572,55.1760510991667,13.9540850586835,54.4846927883333,16.2322805968847,97.8333333333333,12.7695186307318,-0.412195213,2.70797556372692,130,17.8682043662123
"245",41407,"2023_Rotational Plots",2023,414,"4Year","4","N2","N2","Z031E0047xMo17","NREC09","2021MOB:1612-17",3337,"5","7",1,41407,1.501257533,0.0199533163470652,1.43236394916667,0.0259731257546837,56.054177785,6.68113821326022,56.8705952483333,7.73531344384233,104.583333333333,15.5648691454555,-0.726785812083333,2.5691095366919,127,3.90803368367358
"246",41408,"2023_Rotational Plots",2023,414,"4Year","4","N2","N2","Z031E0021xPH207","NREC08","2021MOB:1604-09",3338,"5","11",1,41408,1.48223794133333,0.00825841577721707,1.43606713,0.0269209008220384,59.0233226425,8.39364345394398,60.8078702158333,8.28305884327719,80.5833333333333,10.2377051169003,-0.590224551333333,2.23681633962731,114,26.8734407581504
"247",41409,"2023_Rotational Plots",2023,414,"4Year","4","N2","N2","Z031E0047xPH207","NREC12","2021MOB:1636-41",3339,"5","15",1,41409,1.54652822433333,0.0243961849210862,1.46244306508333,0.0131704911261203,57.8630406183333,9.33190841349751,62.8524929266667,7.31289013842228,76.9166666666667,6.96038574340314,-0.492957182666667,2.54292601035916,117.666666666667,26.8644182832417
"248",41410,"2023_Rotational Plots",2023,414,"4Year","4","N2","N2","Z031E0021xPHG47","NREC06","2021MOB:1588-93",3340,"5","19",1,41410,1.511058657,0.0247816077879752,1.45782802708333,0.0234953293683187,56.1410312641667,10.5417737620354,57.9969213558333,7.13463742379906,85.0833333333333,4.54189254372975,-0.703454349166667,3.85101541922042,116.666666666667,16.6314780042563
"249",41411,"2023_Rotational Plots",2023,414,"4Year","4","N2","N2","B73xPHG47","NREC02","2021MOB:1556-61",3345,"6","3",1,41411,1.486217817,0.0134800465937962,1.4691568345,0.0233037453547796,58.2880344275,12.6714304553278,60.8949823825,10.70185453175,91,9.05538513813742,-0.469625768166667,4.20307851679553,138.333333333333,55.171358401609
"250",41412,"2023_Rotational Plots",2023,414,"4Year","4","N2","N2","BR64K93","CHECK4","Blue River Hybrid",3344,"6","7",1,41412,1.419551844,0.0310356480538484,1.42250892991667,0.0267177518234481,55.8544004758333,9.23589280507407,56.8855869058333,8.61967725517651,89.5,8.42614977317636,-0.435813372166667,3.51831219430556,146.333333333333,37.1467197458778
"251",41413,"2023_Rotational Plots",2023,414,"4Year","4","N2","N2","B73xPH207","NREC04","2021MOB:1572-77",3343,"6","11",1,41413,1.52778139066667,0.0118239757004126,1.451381132,0.0376400841571611,64.1767247858333,4.20482701991357,64.148840355,4.89657549614687,79.9166666666667,7.37881899066305,-0.356166407,2.40790237020125,125.333333333333,33.6866127532567
"252",41414,"2023_Rotational Plots",2023,414,"4Year","4","N2","N2","PHHB9*PHZ51","UIUC4","2021WN_Tuniche_Chile",3342,"6","15",1,41414,1.4280454025,0.0186108600552654,1.44849990125,0.0234239492563098,31.413728895,29.1211787617349,27.7121126825,24.8667332378762,80,88.3095205998279,-0.937255894,2.81238188159649,125.5,47.5725010604115
"253",41415,"2023_Rotational Plots",2023,414,"4Year","4","N2","N2","B73xPHZ51","NREC03","2021MOB:1564-69",3341,"6","19",1,41415,1.50711501533333,0.0293925618153664,1.4912840695,0.0202288312927697,53.1640090066667,7.3474109290944,48.4260459691667,9.62497330097606,98.5833333333333,8.91840113405305,-0.53919324975,2.99931773799718,186,35.0272621098066
"254",41501,"2023_Rotational Plots",2023,415,"4Year","4","N3","N3","Z031E0047xPHG47","NREC10","2021MOB:1620-25",3346,"7","3",1,41501,1.53192008966667,0.0135083322502661,1.48280925916667,0.0187981690424669,58.0161523216667,5.64052324678452,56.1964575275,6.30556967711917,99.8333333333333,12.3570615316494,-0.6488523215,2.47717227425266,145.333333333333,18.7681225550779
"255",41502,"2023_Rotational Plots",2023,415,"4Year","4","N3","N3","B73xPHZ51","NREC03","2021MOB:1564-69",3347,"7","7",1,41502,1.46809099533333,0.069892913909008,1.484525597,0.0251712509609267,52.99438747,10.4227257672664,54.5973008175,12.7509807718318,106.583333333333,9.14984682766313,-0.626107113583333,2.72743519618,218.333333333333,81.8039044782019
"256",41503,"2023_Rotational Plots",2023,415,"4Year","4","N3","N3","Z031E0021xPH207","NREC08","2021MOB:1604-09",3348,"7","11",1,41503,1.50878257566667,0.0353232646406016,1.44316367166667,0.0334645229438073,56.6328113,9.23891477730457,54.4175590175,12.100301278518,80.4166666666667,9.32697294101491,-0.614417535416667,3.3105490447943,153.666666666667,18.23749052381
"257",41504,"2023_Rotational Plots",2023,415,"4Year","4","N3","N3","B73xPHG47","NREC02","2021MOB:1556-61",3349,"7","15",1,41504,1.51391018233333,0.0370171818766162,1.42701172266667,0.0134495533153926,57.1835320883333,7.6044237013278,58.7994945041667,5.50244442041061,107.25,4.4338573397315,-0.247618617666667,2.08263947035147,197.333333333333,46.2588238920834
"258",41505,"2023_Rotational Plots",2023,415,"4Year","4","N3","N3","Z031E0047xPH207","NREC12","2021MOB:1636-41",3350,"7","19",1,41505,1.519686432,0.00769380841177258,1.46079405666667,0.0328776398923142,56.7192504983333,8.4597009486763,58.2606661108333,6.10091886728498,96.3333333333333,14.4432011896969,-0.629840926666667,2.13456763722392,168.333333333333,34.5393934076685
"259",41506,"2023_Rotational Plots",2023,415,"4Year","4","N3","N3","Z031E0047xMo17","NREC09","2021MOB:1612-17",3355,"8","3",1,41506,1.51781460433333,0.039926839494467,1.482636807,0.0301642841388949,57.7041135208333,9.92887618712055,59.2479881391667,7.2760631371765,110.583333333333,13.0624954690437,-0.55953529525,3.59013827340787,127.333333333333,32.8116756750712
"260",41507,"2023_Rotational Plots",2023,415,"4Year","4","N3","N3","Z031E0047xPHZ51","NREC11","2021MOB:1628-33",3354,"8","7",1,41507,1.50899432166667,0.035223115488741,1.49621240975,0.0256249558045882,51.7375439716667,11.4872619014095,50.3032905033333,9.39058721740789,118,19.7023302728844,-0.238843178333333,2.96455383495772,185,7.43456301827668
"261",41508,"2023_Rotational Plots",2023,415,"4Year","4","N3","N3","B73XMo17","NREC01","2021MOB:1548-53",3353,"8","11",1,41508,1.469553698,0.00321794892708166,1.45053033158333,0.0266446006790537,52.7528986741667,7.72261631329608,54.7534032008333,9.01016573488885,108,6.31016495966483,-0.557550517916667,2.17776469799971,121,2.95419578350399
"262",41509,"2023_Rotational Plots",2023,415,"4Year","4","N3","N3","PHHB9*PHZ51","UIUC4","2021WN_Tuniche_Chile",3352,"8","15",1,41509,1.51723090833333,0.0183592722348968,1.49200708216667,0.0291682672052769,38.4627801575,10.1272067709469,41.2843733466667,14.1630845916122,100.916666666667,8.73299212842606,-0.646875172083333,3.27942389045663,138.333333333333,25.2166371246998
"263",41510,"2023_Rotational Plots",2023,415,"4Year","4","N3","N3","B73xPH207","NREC04","2021MOB:1572-77",3351,"8","19",1,41510,1.55486567,0.0175778988173736,1.46269567083333,0.0314931151084792,59.5450083525,5.67599837122054,61.9397033566667,5.87202456695081,89.25,8.00142032846215,-0.479694156666667,3.25251586986702,208.666666666667,27.3606663041319
"264",41511,"2023_Rotational Plots",2023,415,"4Year","4","N3","N3","Z031E0021xPHG47","NREC06","2021MOB:1588-93",3356,"9","3",1,41511,1.51246348466667,0.0261321856484454,1.4527018315,0.0215682390306513,54.8946539,13.0750444399341,56.9891273858333,12.7707038864336,122.166666666667,26.9943877444362,-0.562301512916667,2.63499989680836,178.333333333333,47.8659745033099
"265",41512,"2023_Rotational Plots",2023,415,"4Year","4","N3","N3","PH5141","CHECK7","Prairie Hyb",3357,"9","7",1,41512,1.550758751,0.0361197837741692,1.43529485575,0.0571861036801027,47.2740084325,13.4060181903281,48.3392124258333,13.3433988142202,106.583333333333,7.46456274470896,-0.37384953325,3.15570587291752,188.666666666667,62.3557729824787
"266",41513,"2023_Rotational Plots",2023,415,"4Year","4","N3","N3","Z031E0021xPHZ51","NREC07","2021MOB:1596",3358,"9","11",1,41513,1.536289775,0.0158178481128512,1.49835160358333,0.00959939956330844,40.5370126733333,10.3327648332302,38.9574550133333,7.2907016130891,131.75,44.2557135499834,-0.127014394333333,2.60194066459923,240,67.3714263683729
"267",41514,"2023_Rotational Plots",2023,415,"4Year","4","N3","N3","BR64K93","CHECK4","Blue River Hybrid",3359,"9","15",1,41514,1.54776892166667,0.0412285741464794,1.41074379825,0.04505719724751,58.4458950683333,10.5881803056369,57.6780670058333,9.64401763827265,108.916666666667,13.7342195948218,-0.251128960083333,2.91188091325953,209.666666666667,29.6933825910247
"268",41515,"2023_Rotational Plots",2023,415,"4Year","4","N3","N3","Z031E0021xMo17","NREC05","2021MOB:1580-85",3360,"9","19",1,41515,1.48952786733333,0.00712073476363683,1.42643372541667,0.0252223285209991,55.9474091991667,11.1713593797362,53.8264602175,10.5908544561324,122.916666666667,13.8725257144101,-0.23427460025,2.65509139354758,177,34.0160389976686
